url,timestamp,status,cmp_vendor,initial_banner_found,accept_all_present,reject_all_present,settings_button_present,settings_button_text,preference_center_accessed,total_purposes_count,pre_ticked_non_essential_count,strictly_necessary_count,purposes_json,compliance_score,error_log,legal_text_summary,vendor_count,data_retention_mentioned,user_rights_mentioned,legitimate_interest_present,purpose_categories,dark_pattern_score,legal_readability_score,has_granular_control,gdpr_article_13_compliance
https://eu.puma.com/ie/en/home,2025-06-22T14:49:57.933324,Partial (Interaction Failed),Onetrust,TRUE,TRUE,FALSE,FALSE,,FALSE,0,0,0,[],0,['No button with positive settings keywords found.'],,0,FALSE,FALSE,FALSE,[],3,0,FALSE,FALSE
https://www.adobe.com/ie/,2025-06-22T14:50:08.422375,Partial (Interaction Failed),Onetrust,TRUE,TRUE,FALSE,FALSE,,FALSE,0,0,0,[],0,['No button with positive settings keywords found.'],,0,FALSE,FALSE,FALSE,[],1,0,FALSE,FALSE
https://www2.hm.com/en_ie/index.html,2025-06-22T14:50:14.532238,Partial (Interaction Failed),Onetrust,TRUE,TRUE,FALSE,FALSE,,FALSE,0,0,0,[],0,['No button with positive settings keywords found.'],"We use first- and third-party cookies including other tracking technologies from third party publishers to give you the full functionality of our website, customize your user experience, perform analytics and deliver personalized advertising on our websites, apps and newsletters across internet and via social media platforms. For that purpose, we collect information about user, browsing patterns and device.

By clicking “Accept all cookies”, you accept and agree that we share this information with third parties, such as our advertising partners. By choosing ""Only required cookies"", optional cookies are blocked, limiting our delivery of tailored content and features. Click on “Cookie Settings” to customize your options. Visit our Cookie policy to learn more.

Cookie policy",0,FALSE,FALSE,FALSE,[],3,0,FALSE,FALSE
https://www.rte.ie/,2025-06-22T14:50:27.128192,Success,Onetrust,TRUE,TRUE,FALSE,TRUE,Show Purposes,TRUE,38,0,1,"[{""title"": ""Strictly Necessary Cookies"", ""is_strictly_necessary"": true, ""is_ticked_by_default"": null}, {""title"": ""Performance Cookies"", ""is_strictly_necessary"": false, ""is_ticked_by_default"": false}, {""title"": ""Performance Cookies"", ""is_strictly_necessary"": false, ""is_ticked_by_default"": null}, {""title"": ""Functional Cookies"", ""is_strictly_necessary"": false, ""is_ticked_by_default"": false}, {""title"": ""Functional Cookies"", ""is_strictly_necessary"": false, ""is_ticked_by_default"": null}, {""title"": ""Targeting Cookies and Third-Party Embeds"", ""is_strictly_necessary"": false, ""is_ticked_by_default"": false}, {""title"": ""Targeting Cookies and Third-Party Embeds"", ""is_strictly_necessary"": false, ""is_ticked_by_default"": null}, {""title"": ""Store and/or access information on a device17 partners can use this purpose"", ""is_strictly_necessary"": false, ""is_ticked_by_default"": false}, {""title"": ""Store and/or access information on a device"", ""is_strictly_necessary"": false, ""is_ticked_by_default"": null}, {""title"": ""Develop and improve services17 partners can use this purpose"", ""is_strictly_necessary"": false, ""is_ticked_by_default"": false}, {""title"": ""Develop and improve services"", ""is_strictly_necessary"": false, ""is_ticked_by_default"": null}, {""title"": ""Measure content performance6 partners can use this purpose"", ""is_strictly_necessary"": false, ""is_ticked_by_default"": false}, {""title"": ""Measure content performance"", ""is_strictly_necessary"": false, ""is_ticked_by_default"": null}, {""title"": ""Understand audiences through statistics or combinations of data from different sources11 partners can use this purpose"", ""is_strictly_necessary"": false, ""is_ticked_by_default"": false}, {""title"": ""Understand audiences through statistics or combinations of data from different sources"", ""is_strictly_necessary"": false, ""is_ticked_by_default"": null}, {""title"": ""Use limited data to select advertising17 partners can use this purpose"", ""is_strictly_necessary"": false, ""is_ticked_by_default"": false}, {""title"": ""Use limited data to select advertising"", ""is_strictly_necessary"": false, ""is_ticked_by_default"": null}, {""title"": ""Create profiles for personalised advertising14 partners can use this purpose"", ""is_strictly_necessary"": false, ""is_ticked_by_default"": false}, {""title"": ""Create profiles for personalised advertising"", ""is_strictly_necessary"": false, ""is_ticked_by_default"": null}, {""title"": ""Use profiles to select personalised advertising13 partners can use this purpose"", ""is_strictly_necessary"": false, ""is_ticked_by_default"": false}, {""title"": ""Use profiles to select personalised advertising"", ""is_strictly_necessary"": false, ""is_ticked_by_default"": null}, {""title"": ""Create profiles to personalise content3 partners can use this purpose"", ""is_strictly_necessary"": false, ""is_ticked_by_default"": false}, {""title"": ""Create profiles to personalise content"", ""is_strictly_necessary"": false, ""is_ticked_by_default"": null}, {""title"": ""Use profiles to select personalised content3 partners can use this purpose"", ""is_strictly_necessary"": false, ""is_ticked_by_default"": false}, {""title"": ""Use profiles to select personalised content"", ""is_strictly_necessary"": false, ""is_ticked_by_default"": null}, {""title"": ""Measure advertising performance20 partners can use this purpose"", ""is_strictly_necessary"": false, ""is_ticked_by_default"": false}, {""title"": ""Measure advertising performance"", ""is_strictly_necessary"": false, ""is_ticked_by_default"": null}, {""title"": ""Use precise geolocation data7 partners can use this special feature"", ""is_strictly_necessary"": false, ""is_ticked_by_default"": false}, {""title"": ""Use precise geolocation data"", ""is_strictly_necessary"": false, ""is_ticked_by_default"": null}, {""title"": ""Ensure security, prevent and detect fraud, and fix errors16 partners can use this special purpose"", ""is_strictly_necessary"": false, ""is_ticked_by_default"": null}, {""title"": ""Deliver and present advertising and content17 partners can use this special purpose"", ""is_strictly_necessary"": false, ""is_ticked_by_default"": null}, {""title"": ""Match and combine data from other data sources12 partners can use this feature"", ""is_strictly_necessary"": false, ""is_ticked_by_default"": null}, {""title"": ""Link different devices13 partners can use this feature"", ""is_strictly_necessary"": false, ""is_ticked_by_default"": null}, {""title"": ""Identify devices based on information transmitted automatically17 partners can use this feature"", ""is_strictly_necessary"": false, ""is_ticked_by_default"": null}, {""title"": ""checkbox label"", ""is_strictly_necessary"": false, ""is_ticked_by_default"": null}, {""title"": ""checkbox label"", ""is_strictly_necessary"": false, ""is_ticked_by_default"": null}, {""title"": ""checkbox label"", ""is_strictly_necessary"": false, ""is_ticked_by_default"": null}, {""title"": ""checkbox label"", ""is_strictly_necessary"": false, ""is_ticked_by_default"": null}]",0.44000000000000006,[],"Use precise geolocation data. Actively scan device characteristics for identification. Store and/or access information on a device. Develop and improve services. Measure content performance. Understand audiences through statistics or combinations of data from different sources. Use limited data to select advertising. Create profiles for personalised advertising. Use profiles to select personalised advertising. Create profiles to personalise content. Use profiles to select personalised content. Measure advertising performance. Use limited data to select content.
List of Partners (vendors)",0,FALSE,FALSE,FALSE,"['dpv:Marketing', 'dpv:ServiceProvision', 'dpv:Analytics', 'dpv:Security', 'dpv:Unknown']",3,0.2751832706766919,TRUE,FALSE
https://www.did.ie/,2025-06-22T14:50:38.872976,Partial (Interaction Failed),Onetrust,TRUE,TRUE,TRUE,FALSE,,FALSE,0,6,0,[],0,['No button with positive settings keywords found.'],,0,FALSE,FALSE,FALSE,[],4,0,FALSE,FALSE
https://www.amazon.ie/,2025-06-22T14:51:34.543607,Partial (Interaction Failed),Cookiebot,TRUE,FALSE,FALSE,FALSE,,FALSE,0,0,0,[],0,['No buttons found in banner.'],,0,FALSE,FALSE,FALSE,[],0,0,FALSE,FALSE
https://www.zalando.ie/,2025-06-22T14:52:14.480146,Partial (Interaction Failed),Didomi,TRUE,FALSE,FALSE,FALSE,,FALSE,0,0,0,[],0,['No buttons found in banner.'],,0,FALSE,FALSE,FALSE,[],1,0,FALSE,FALSE
https://deliveroo.ie/,2025-06-22T14:52:54.792967,Success,Onetrust,TRUE,TRUE,FALSE,TRUE,Customise,TRUE,11,0,1,"[{""title"": ""Strictly Necessary Cookies"", ""is_strictly_necessary"": true, ""is_ticked_by_default"": null}, {""title"": ""Analytics Cookies"", ""is_strictly_necessary"": false, ""is_ticked_by_default"": false}, {""title"": ""Analytics Cookies"", ""is_strictly_necessary"": false, ""is_ticked_by_default"": null}, {""title"": ""Functional Cookies"", ""is_strictly_necessary"": false, ""is_ticked_by_default"": false}, {""title"": ""Functional Cookies"", ""is_strictly_necessary"": false, ""is_ticked_by_default"": null}, {""title"": ""Advertising Cookies"", ""is_strictly_necessary"": false, ""is_ticked_by_default"": false}, {""title"": ""Advertising Cookies"", ""is_strictly_necessary"": false, ""is_ticked_by_default"": null}, {""title"": ""checkbox label"", ""is_strictly_necessary"": false, ""is_ticked_by_default"": null}, {""title"": ""checkbox label"", ""is_strictly_necessary"": false, ""is_ticked_by_default"": null}, {""title"": ""checkbox label"", ""is_strictly_necessary"": false, ""is_ticked_by_default"": null}, {""title"": ""checkbox label"", ""is_strictly_necessary"": false, ""is_ticked_by_default"": null}]",0.44000000000000006,[],,0,FALSE,FALSE,FALSE,"['dpv:Marketing', 'dpv:ServiceProvision', 'dpv:Analytics', 'dpv:Unknown']",3,0,TRUE,FALSE
https://www.irishtimes.com/,2025-06-22T14:53:07.388742,Success,Onetrust,TRUE,TRUE,FALSE,TRUE,MANAGE SETTINGS,TRUE,39,0,1,"[{""title"": ""Strictly Necessary Cookies"", ""is_strictly_necessary"": true, ""is_ticked_by_default"": null}, {""title"": ""Functional Cookies"", ""is_strictly_necessary"": false, ""is_ticked_by_default"": false}, {""title"": ""Functional Cookies"", ""is_strictly_necessary"": false, ""is_ticked_by_default"": null}, {""title"": ""Performance Cookies"", ""is_strictly_necessary"": false, ""is_ticked_by_default"": false}, {""title"": ""Performance Cookies"", ""is_strictly_necessary"": false, ""is_ticked_by_default"": null}, {""title"": ""Targeting Cookies"", ""is_strictly_necessary"": false, ""is_ticked_by_default"": false}, {""title"": ""Targeting Cookies"", ""is_strictly_necessary"": false, ""is_ticked_by_default"": null}, {""title"": ""Social Media Cookies"", ""is_strictly_necessary"": false, ""is_ticked_by_default"": false}, {""title"": ""Social Media Cookies"", ""is_strictly_necessary"": false, ""is_ticked_by_default"": null}, {""title"": ""IAB Features"", ""is_strictly_necessary"": false, ""is_ticked_by_default"": false}, {""title"": ""Switch Label"", ""is_strictly_necessary"": false, ""is_ticked_by_default"": null}, {""title"": ""Switch Label"", ""is_strictly_necessary"": false, ""is_ticked_by_default"": null}, {""title"": ""Switch Label"", ""is_strictly_necessary"": false, ""is_ticked_by_default"": null}, {""title"": ""IAB Special Purposes"", ""is_strictly_necessary"": false, ""is_ticked_by_default"": false}, {""title"": ""Switch Label"", ""is_strictly_necessary"": false, ""is_ticked_by_default"": null}, {""title"": ""Switch Label"", ""is_strictly_necessary"": false, ""is_ticked_by_default"": null}, {""title"": ""Switch Label"", ""is_strictly_necessary"": false, ""is_ticked_by_default"": null}, {""title"": ""Personalised advertising and content, advertising and content measurement, audience research and services development77 partners can use this purpose"", ""is_strictly_necessary"": false, ""is_ticked_by_default"": false}, {""title"": ""Personalised advertising and content, advertising and content measurement, audience research and services development"", ""is_strictly_necessary"": false, ""is_ticked_by_default"": null}, {""title"": ""Switch Label"", ""is_strictly_necessary"": false, ""is_ticked_by_default"": null}, {""title"": ""Switch Label"", ""is_strictly_necessary"": false, ""is_ticked_by_default"": null}, {""title"": ""Switch Label"", ""is_strictly_necessary"": false, ""is_ticked_by_default"": null}, {""title"": ""Switch Label"", ""is_strictly_necessary"": false, ""is_ticked_by_default"": null}, {""title"": ""Switch Label"", ""is_strictly_necessary"": false, ""is_ticked_by_default"": null}, {""title"": ""Switch Label"", ""is_strictly_necessary"": false, ""is_ticked_by_default"": null}, {""title"": ""Switch Label"", ""is_strictly_necessary"": false, ""is_ticked_by_default"": null}, {""title"": ""Switch Label"", ""is_strictly_necessary"": false, ""is_ticked_by_default"": null}, {""title"": ""Switch Label"", ""is_strictly_necessary"": false, ""is_ticked_by_default"": null}, {""title"": ""Switch Label"", ""is_strictly_necessary"": false, ""is_ticked_by_default"": null}, {""title"": ""Store and/or access information on a device68 partners can use this purpose"", ""is_strictly_necessary"": false, ""is_ticked_by_default"": false}, {""title"": ""Store and/or access information on a device"", ""is_strictly_necessary"": false, ""is_ticked_by_default"": null}, {""title"": ""Use precise geolocation data29 partners can use this purpose"", ""is_strictly_necessary"": false, ""is_ticked_by_default"": false}, {""title"": ""Use precise geolocation data"", ""is_strictly_necessary"": false, ""is_ticked_by_default"": null}, {""title"": ""Actively scan device characteristics for identification11 partners can use this purpose"", ""is_strictly_necessary"": false, ""is_ticked_by_default"": false}, {""title"": ""Actively scan device characteristics for identification"", ""is_strictly_necessary"": false, ""is_ticked_by_default"": null}, {""title"": ""checkbox label"", ""is_strictly_necessary"": false, ""is_ticked_by_default"": null}, {""title"": ""checkbox label"", ""is_strictly_necessary"": false, ""is_ticked_by_default"": null}, {""title"": ""checkbox label"", ""is_strictly_necessary"": false, ""is_ticked_by_default"": null}, {""title"": ""checkbox label"", ""is_strictly_necessary"": false, ""is_ticked_by_default"": null}]",0.48,[],"Use precise geolocation data. Actively scan device characteristics for identification. Store and/or access information on a device. Personalised advertising and content, advertising and content measurement, audience research and services development.
List of Partners (vendors)",16,FALSE,FALSE,FALSE,"['dpv:Marketing', 'dpv:SocialMediaIntegration', 'dpv:ServiceProvision', 'dpv:Analytics', 'dpv:Unknown']",1,0.15482088235294117,TRUE,FALSE
https://www.independent.ie/,2025-06-22T14:53:20.887224,Partial (Interaction Failed),Cookiebot,TRUE,FALSE,FALSE,FALSE,,FALSE,0,0,0,[],0,['No buttons found in banner.'],,0,FALSE,FALSE,FALSE,[],1,0,FALSE,FALSE
https://www.breakingnews.ie/,2025-06-22T14:53:35.334174,Success,Onetrust,TRUE,TRUE,FALSE,TRUE,MANAGE MY SETTINGS,TRUE,37,0,1,"[{""title"": ""Strictly Necessary Cookies"", ""is_strictly_necessary"": true, ""is_ticked_by_default"": null}, {""title"": ""Functional Cookies"", ""is_strictly_necessary"": false, ""is_ticked_by_default"": false}, {""title"": ""Functional Cookies"", ""is_strictly_necessary"": false, ""is_ticked_by_default"": null}, {""title"": ""Performance Cookies"", ""is_strictly_necessary"": false, ""is_ticked_by_default"": false}, {""title"": ""Performance Cookies"", ""is_strictly_necessary"": false, ""is_ticked_by_default"": null}, {""title"": ""Targeting Cookies"", ""is_strictly_necessary"": false, ""is_ticked_by_default"": false}, {""title"": ""Targeting Cookies"", ""is_strictly_necessary"": false, ""is_ticked_by_default"": null}, {""title"": ""Switch Label"", ""is_strictly_necessary"": false, ""is_ticked_by_default"": null}, {""title"": ""Switch Label"", ""is_strictly_necessary"": false, ""is_ticked_by_default"": null}, {""title"": ""Switch Label"", ""is_strictly_necessary"": false, ""is_ticked_by_default"": null}, {""title"": ""Switch Label"", ""is_strictly_necessary"": false, ""is_ticked_by_default"": null}, {""title"": ""Switch Label"", ""is_strictly_necessary"": false, ""is_ticked_by_default"": null}, {""title"": ""Social Media Cookies"", ""is_strictly_necessary"": false, ""is_ticked_by_default"": false}, {""title"": ""Social Media Cookies"", ""is_strictly_necessary"": false, ""is_ticked_by_default"": null}, {""title"": ""Personalised advertising and content, advertising and content measurement, audience research and services development75 partners can use this purpose"", ""is_strictly_necessary"": false, ""is_ticked_by_default"": false}, {""title"": ""Personalised advertising and content, advertising and content measurement, audience research and services development"", ""is_strictly_necessary"": false, ""is_ticked_by_default"": null}, {""title"": ""Switch Label"", ""is_strictly_necessary"": false, ""is_ticked_by_default"": null}, {""title"": ""Switch Label"", ""is_strictly_necessary"": false, ""is_ticked_by_default"": null}, {""title"": ""Switch Label"", ""is_strictly_necessary"": false, ""is_ticked_by_default"": null}, {""title"": ""Switch Label"", ""is_strictly_necessary"": false, ""is_ticked_by_default"": null}, {""title"": ""Switch Label"", ""is_strictly_necessary"": false, ""is_ticked_by_default"": null}, {""title"": ""Switch Label"", ""is_strictly_necessary"": false, ""is_ticked_by_default"": null}, {""title"": ""Switch Label"", ""is_strictly_necessary"": false, ""is_ticked_by_default"": null}, {""title"": ""Switch Label"", ""is_strictly_necessary"": false, ""is_ticked_by_default"": null}, {""title"": ""Switch Label"", ""is_strictly_necessary"": false, ""is_ticked_by_default"": null}, {""title"": ""Switch Label"", ""is_strictly_necessary"": false, ""is_ticked_by_default"": null}, {""title"": ""Store and/or access information on a device66 partners can use this purpose"", ""is_strictly_necessary"": false, ""is_ticked_by_default"": false}, {""title"": ""Store and/or access information on a device"", ""is_strictly_necessary"": false, ""is_ticked_by_default"": null}, {""title"": ""Use precise geolocation data27 partners can use this purpose"", ""is_strictly_necessary"": false, ""is_ticked_by_default"": false}, {""title"": ""Use precise geolocation data"", ""is_strictly_necessary"": false, ""is_ticked_by_default"": null}, {""title"": ""Actively scan device characteristics for identification10 partners can use this purpose"", ""is_strictly_necessary"": false, ""is_ticked_by_default"": false}, {""title"": ""Actively scan device characteristics for identification"", ""is_strictly_necessary"": false, ""is_ticked_by_default"": null}, {""title"": ""Save and communicate privacy choices45 partners can use this purpose"", ""is_strictly_necessary"": false, ""is_ticked_by_default"": null}, {""title"": ""checkbox label"", ""is_strictly_necessary"": false, ""is_ticked_by_default"": null}, {""title"": ""checkbox label"", ""is_strictly_necessary"": false, ""is_ticked_by_default"": null}, {""title"": ""checkbox label"", ""is_strictly_necessary"": false, ""is_ticked_by_default"": null}, {""title"": ""checkbox label"", ""is_strictly_necessary"": false, ""is_ticked_by_default"": null}]",0.44000000000000006,[],"Use precise geolocation data. Actively scan device characteristics for identification. Store and/or access information on a device. Personalised advertising and content, advertising and content measurement, audience research and services development.
List of Partners (vendors)",15,FALSE,FALSE,FALSE,"['dpv:Marketing', 'dpv:SocialMediaIntegration', 'dpv:ServiceProvision', 'dpv:Analytics', 'dpv:Unknown']",3,0.15482088235294117,TRUE,FALSE
https://www.joe.ie/,2025-06-22T14:53:46.870779,Partial (Interaction Failed),Quantcast,TRUE,FALSE,FALSE,FALSE,,FALSE,0,0,0,[],0,['No button with positive settings keywords found.'],,0,FALSE,FALSE,FALSE,[],3,0,FALSE,FALSE
https://www.her.ie/,2025-06-22T14:54:05.227801,Partial (Interaction Failed),Quantcast,TRUE,FALSE,FALSE,FALSE,,FALSE,0,0,0,[],0,['No button with positive settings keywords found.'],,0,FALSE,FALSE,FALSE,[],1,0,FALSE,FALSE
https://www.thejournal.ie/,2025-06-22T14:54:25.370052,Success,Onetrust,TRUE,TRUE,FALSE,TRUE,List of Vendors,TRUE,288,0,0,"[{""title"": ""Necessary Cookies"", ""is_strictly_necessary"": false, ""is_ticked_by_default"": null}, {""title"": ""Social Media Cookies"", ""is_strictly_necessary"": false, ""is_ticked_by_default"": false}, {""title"": ""Social Media Cookies"", ""is_strictly_necessary"": false, ""is_ticked_by_default"": null}, {""title"": ""Targeting Cookies"", ""is_strictly_necessary"": false, ""is_ticked_by_default"": false}, {""title"": ""Targeting Cookies"", ""is_strictly_necessary"": false, ""is_ticked_by_default"": null}, {""title"": ""Functional Cookies"", ""is_strictly_necessary"": false, ""is_ticked_by_default"": false}, {""title"": ""Functional Cookies"", ""is_strictly_necessary"": false, ""is_ticked_by_default"": null}, {""title"": ""Performance Cookies"", ""is_strictly_necessary"": false, ""is_ticked_by_default"": false}, {""title"": ""Performance Cookies"", ""is_strictly_necessary"": false, ""is_ticked_by_default"": null}, {""title"": ""Store and/or access information on a device137 partners can use this purpose"", ""is_strictly_necessary"": false, ""is_ticked_by_default"": false}, {""title"": ""Store and/or access information on a device"", ""is_strictly_necessary"": false, ""is_ticked_by_default"": null}, {""title"": ""Personalised advertising and content, advertising and content measurement, audience research and services development178 partners can use this purpose"", ""is_strictly_necessary"": false, ""is_ticked_by_default"": false}, {""title"": ""Personalised advertising and content, advertising and content measurement, audience research and services development"", ""is_strictly_necessary"": false, ""is_ticked_by_default"": null}, {""title"": ""Switch Label"", ""is_strictly_necessary"": false, ""is_ticked_by_default"": null}, {""title"": ""Switch Label"", ""is_strictly_necessary"": false, ""is_ticked_by_default"": null}, {""title"": ""Switch Label"", ""is_strictly_necessary"": false, ""is_ticked_by_default"": null}, {""title"": ""Switch Label"", ""is_strictly_necessary"": false, ""is_ticked_by_default"": null}, {""title"": ""Switch Label"", ""is_strictly_necessary"": false, ""is_ticked_by_default"": null}, {""title"": ""Switch Label"", ""is_strictly_necessary"": false, ""is_ticked_by_default"": null}, {""title"": ""Switch Label"", ""is_strictly_necessary"": false, ""is_ticked_by_default"": null}, {""title"": ""Switch Label"", ""is_strictly_necessary"": false, ""is_ticked_by_default"": null}, {""title"": ""Switch Label"", ""is_strictly_necessary"": false, ""is_ticked_by_default"": null}, {""title"": ""Switch Label"", ""is_strictly_necessary"": false, ""is_ticked_by_default"": null}, {""title"": ""Use precise geolocation data60 partners can use this special feature"", ""is_strictly_necessary"": false, ""is_ticked_by_default"": false}, {""title"": ""Use precise geolocation data"", ""is_strictly_necessary"": false, ""is_ticked_by_default"": null}, {""title"": ""Actively scan device characteristics for identification30 partners can use this special feature"", ""is_strictly_necessary"": false, ""is_ticked_by_default"": false}, {""title"": ""Actively scan device characteristics for identification"", ""is_strictly_necessary"": false, ""is_ticked_by_default"": null}, {""title"": ""Ensure security, prevent and detect fraud, and fix errors114 partners can use this special purpose"", ""is_strictly_necessary"": false, ""is_ticked_by_default"": null}, {""title"": ""Deliver and present advertising and content116 partners can use this special purpose"", ""is_strictly_necessary"": false, ""is_ticked_by_default"": null}, {""title"": ""Match and combine data from other data sources85 partners can use this feature"", ""is_strictly_necessary"": false, ""is_ticked_by_default"": null}, {""title"": ""Link different devices62 partners can use this feature"", ""is_strictly_necessary"": false, ""is_ticked_by_default"": null}, {""title"": ""Identify devices based on information transmitted automatically108 partners can use this feature"", ""is_strictly_necessary"": false, ""is_ticked_by_default"": null}, {""title"": ""Save and communicate privacy choices92 partners can use this special purpose"", ""is_strictly_necessary"": false, ""is_ticked_by_default"": null}, {""title"": ""Custom Vendors"", ""is_strictly_necessary"": false, ""is_ticked_by_default"": false}, {""title"": ""Custom Vendors"", ""is_strictly_necessary"": false, ""is_ticked_by_default"": null}, {""title"": ""Store and/or access information on a device"", ""is_strictly_necessary"": false, ""is_ticked_by_default"": null}, {""title"": ""Use limited data to select advertising"", ""is_strictly_necessary"": false, ""is_ticked_by_default"": null}, {""title"": ""Create profiles for personalised advertising"", ""is_strictly_necessary"": false, ""is_ticked_by_default"": null}, {""title"": ""Use profiles to select personalised advertising"", ""is_strictly_necessary"": false, ""is_ticked_by_default"": null}, {""title"": ""Create profiles to personalise content"", ""is_strictly_necessary"": false, ""is_ticked_by_default"": null}, {""title"": ""Use profiles to select personalised content"", ""is_strictly_necessary"": false, ""is_ticked_by_default"": null}, {""title"": ""Measure advertising performance"", ""is_strictly_necessary"": false, ""is_ticked_by_default"": null}, {""title"": ""Measure content performance"", ""is_strictly_necessary"": false, ""is_ticked_by_default"": null}, {""title"": ""Understand audiences through statistics or combinations of data from different sources"", ""is_strictly_necessary"": false, ""is_ticked_by_default"": null}, {""title"": ""Develop and improve services"", ""is_strictly_necessary"": false, ""is_ticked_by_default"": null}, {""title"": ""Use limited data to select content"", ""is_strictly_necessary"": false, ""is_ticked_by_default"": null}, {""title"": ""Use precise geolocation data"", ""is_strictly_necessary"": false, ""is_ticked_by_default"": null}, {""title"": ""Actively scan device characteristics for identification"", ""is_strictly_necessary"": false, ""is_ticked_by_default"": null}, {""title"": ""Ensure security, prevent and detect fraud, and fix errors"", ""is_strictly_necessary"": false, ""is_ticked_by_default"": null}, {""title"": ""Deliver and present advertising and content"", ""is_strictly_necessary"": false, ""is_ticked_by_default"": null}, {""title"": ""Match and combine data from other data sources"", ""is_strictly_necessary"": false, ""is_ticked_by_default"": null}, {""title"": ""Link different devices"", ""is_strictly_necessary"": false, ""is_ticked_by_default"": null}, {""title"": ""Identify devices based on information transmitted automatically"", ""is_strictly_necessary"": false, ""is_ticked_by_default"": null}, {""title"": ""Save and communicate privacy choices"", ""is_strictly_necessary"": false, ""is_ticked_by_default"": null}, {""title"": ""Legitimate Interest"", ""is_strictly_necessary"": false, ""is_ticked_by_default"": null}, {""title"": ""Legitimate Interest"", ""is_strictly_necessary"": false, ""is_ticked_by_default"": null}, {""title"": ""Legitimate Interest"", ""is_strictly_necessary"": false, ""is_ticked_by_default"": null}, {""title"": ""Index Exchange Inc."", ""is_strictly_necessary"": false, ""is_ticked_by_default"": null}, {""title"": ""The UK Trade Desk Ltd"", ""is_strictly_necessary"": false, ""is_ticked_by_default"": null}, {""title"": ""Triple Lift, Inc."", ""is_strictly_necessary"": false, ""is_ticked_by_default"": null}, {""title"": ""Adform A/S"", ""is_strictly_necessary"": false, ""is_ticked_by_default"": null}, {""title"": ""OpenX"", ""is_strictly_necessary"": false, ""is_ticked_by_default"": null}, {""title"": ""PubMatic, Inc"", ""is_strictly_necessary"": false, ""is_ticked_by_default"": null}, {""title"": ""Flashtalking"", ""is_strictly_necessary"": false, ""is_ticked_by_default"": null}, {""title"": ""DoubleVerify Inc.\u200b"", ""is_strictly_necessary"": false, ""is_ticked_by_default"": null}, {""title"": ""Publicis Media GmbH"", ""is_strictly_necessary"": false, ""is_ticked_by_default"": null}, {""title"": ""OneTag Limited"", ""is_strictly_necessary"": false, ""is_ticked_by_default"": null}, {""title"": ""Converge-Digital"", ""is_strictly_necessary"": false, ""is_ticked_by_default"": null}, {""title"": ""Integral Ad Science (incorporating ADmantX)"", ""is_strictly_necessary"": false, ""is_ticked_by_default"": null}, {""title"": ""illuma technology limited"", ""is_strictly_necessary"": false, ""is_ticked_by_default"": null}, {""title"": ""GeistM Technologies LTD"", ""is_strictly_necessary"": false, ""is_ticked_by_default"": null}, {""title"": ""targeting360 GmbH"", ""is_strictly_necessary"": false, ""is_ticked_by_default"": null}, {""title"": ""Google Advertising Products"", ""is_strictly_necessary"": false, ""is_ticked_by_default"": null}, {""title"": ""LinkedIn Ireland Unlimited Company"", ""is_strictly_necessary"": false, ""is_ticked_by_default"": null}, {""title"": ""Amplified IntelligenceTechnologies"", ""is_strictly_necessary"": false, ""is_ticked_by_default"": null}, {""title"": ""Genius Sports Media Inc."", ""is_strictly_necessary"": false, ""is_ticked_by_default"": null}, {""title"": ""Accurat"", ""is_strictly_necessary"": false, ""is_ticked_by_default"": null}, {""title"": ""Amagi Corporation"", ""is_strictly_necessary"": false, ""is_ticked_by_default"": null}, {""title"": ""Bannerse O\u00dc"", ""is_strictly_necessary"": false, ""is_ticked_by_default"": null}, {""title"": ""Clipcentric GmbH"", ""is_strictly_necessary"": false, ""is_ticked_by_default"": null}, {""title"": ""Ampliffy"", ""is_strictly_necessary"": false, ""is_ticked_by_default"": null}, {""title"": ""Publicis One Spain S.L."", ""is_strictly_necessary"": false, ""is_ticked_by_default"": null}, {""title"": ""Encore Digital Media"", ""is_strictly_necessary"": false, ""is_ticked_by_default"": null}, {""title"": ""WURL, LLC"", ""is_strictly_necessary"": false, ""is_ticked_by_default"": null}, {""title"": ""Opensignal Limited"", ""is_strictly_necessary"": false, ""is_ticked_by_default"": null}, {""title"": ""Refinery89 B.V"", ""is_strictly_necessary"": false, ""is_ticked_by_default"": null}, {""title"": ""Optima Network SL"", ""is_strictly_necessary"": false, ""is_ticked_by_default"": null}, {""title"": ""GameAnalytics ApS"", ""is_strictly_necessary"": false, ""is_ticked_by_default"": null}, {""title"": ""Adventive, Inc."", ""is_strictly_necessary"": false, ""is_ticked_by_default"": null}, {""title"": ""OneLog AG"", ""is_strictly_necessary"": false, ""is_ticked_by_default"": null}, {""title"": ""VALIUZ"", ""is_strictly_necessary"": false, ""is_ticked_by_default"": null}, {""title"": ""ABCS INSIGHTS"", ""is_strictly_necessary"": false, ""is_ticked_by_default"": null}, {""title"": ""BIDSCUBE SP. Z O.O"", ""is_strictly_necessary"": false, ""is_ticked_by_default"": null}, {""title"": ""BEAPUP SOLUTIONS LTD"", ""is_strictly_necessary"": false, ""is_ticked_by_default"": null}, {""title"": ""Sunday Market Media Inc"", ""is_strictly_necessary"": false, ""is_ticked_by_default"": null}, {""title"": ""Aflorithmic Labs, LTD"", ""is_strictly_necessary"": false, ""is_ticked_by_default"": null}, {""title"": ""Adwatch S.L."", ""is_strictly_necessary"": false, ""is_ticked_by_default"": null}, {""title"": ""Admatic GMBH"", ""is_strictly_necessary"": false, ""is_ticked_by_default"": null}, {""title"": ""Sabio London Limited"", ""is_strictly_necessary"": false, ""is_ticked_by_default"": null}, {""title"": ""Appmonsta Ltd"", ""is_strictly_necessary"": false, ""is_ticked_by_default"": null}, {""title"": ""NexInsight LLC"", ""is_strictly_necessary"": false, ""is_ticked_by_default"": null}, {""title"": ""Advertising.Tech FZ-LLC"", ""is_strictly_necessary"": false, ""is_ticked_by_default"": null}, {""title"": ""TStack Inc"", ""is_strictly_necessary"": false, ""is_ticked_by_default"": null}, {""title"": ""ADMASTERS SOLU\u00c7\u00d5ES DE MARKETING DIGITAL LTDA"", ""is_strictly_necessary"": false, ""is_ticked_by_default"": null}, {""title"": ""MYGARU UKR"", ""is_strictly_necessary"": false, ""is_ticked_by_default"": null}, {""title"": ""Maxetise AB"", ""is_strictly_necessary"": false, ""is_ticked_by_default"": null}, {""title"": ""Twist Digital LTD."", ""is_strictly_necessary"": false, ""is_ticked_by_default"": null}, {""title"": ""Clipflip Interactive Video Technology GmbH"", ""is_strictly_necessary"": false, ""is_ticked_by_default"": null}, {""title"": ""Bluesea Holdings Hong Kong Limited"", ""is_strictly_necessary"": false, ""is_ticked_by_default"": null}, {""title"": ""ESB Connect Limited"", ""is_strictly_necessary"": false, ""is_ticked_by_default"": null}, {""title"": ""Soluciones Netquest de Investigaci\u00f3n SLU"", ""is_strictly_necessary"": false, ""is_ticked_by_default"": null}, {""title"": ""Airtory Inc"", ""is_strictly_necessary"": false, ""is_ticked_by_default"": null}, {""title"": ""HONG KONG ZHIONE TECHNOLOGY CO., LIMITED"", ""is_strictly_necessary"": false, ""is_ticked_by_default"": null}, {""title"": ""Contimo APS"", ""is_strictly_necessary"": false, ""is_ticked_by_default"": null}, {""title"": ""Bridgeupp LTD"", ""is_strictly_necessary"": false, ""is_ticked_by_default"": null}, {""title"": ""METAX SOFTWARE PTE.LTD."", ""is_strictly_necessary"": false, ""is_ticked_by_default"": null}, {""title"": ""NinaData Oy"", ""is_strictly_necessary"": false, ""is_ticked_by_default"": null}, {""title"": ""TOPON PTE. LTD."", ""is_strictly_necessary"": false, ""is_ticked_by_default"": null}, {""title"": ""EliteAppgrade"", ""is_strictly_necessary"": false, ""is_ticked_by_default"": null}, {""title"": ""Codevelop Technologies GmbH"", ""is_strictly_necessary"": false, ""is_ticked_by_default"": null}, {""title"": ""IDG Communications, Inc. dba Foundry"", ""is_strictly_necessary"": false, ""is_ticked_by_default"": null}, {""title"": ""Ideal Media US Inc."", ""is_strictly_necessary"": false, ""is_ticked_by_default"": null}, {""title"": ""Krush Media LLC"", ""is_strictly_necessary"": false, ""is_ticked_by_default"": null}, {""title"": ""ADBRO (GISTER PRIVATE LIMITED)"", ""is_strictly_necessary"": false, ""is_ticked_by_default"": null}, {""title"": ""Aditude, Inc."", ""is_strictly_necessary"": false, ""is_ticked_by_default"": null}, {""title"": ""Archon Programmatic House FZC"", ""is_strictly_necessary"": false, ""is_ticked_by_default"": null}, {""title"": ""Xapads Media Ltd"", ""is_strictly_necessary"": false, ""is_ticked_by_default"": null}, {""title"": ""Blue Dawn Marketing Consulting Group S.L."", ""is_strictly_necessary"": false, ""is_ticked_by_default"": null}, {""title"": ""Adforce Digital Intelligence LTDA"", ""is_strictly_necessary"": false, ""is_ticked_by_default"": null}, {""title"": ""Intent IQ LLC"", ""is_strictly_necessary"": false, ""is_ticked_by_default"": null}, {""title"": ""366 SAS"", ""is_strictly_necessary"": false, ""is_ticked_by_default"": null}, {""title"": ""Hurst Group Limited"", ""is_strictly_necessary"": false, ""is_ticked_by_default"": null}, {""title"": ""RAAS LAB Ltd"", ""is_strictly_necessary"": false, ""is_ticked_by_default"": null}, {""title"": ""MI LI TECHNOLOGY CO., LIMITED"", ""is_strictly_necessary"": false, ""is_ticked_by_default"": null}, {""title"": ""Lemma Media Inc"", ""is_strictly_necessary"": false, ""is_ticked_by_default"": null}, {""title"": ""AdXcel, Inc. dba ArtsAI"", ""is_strictly_necessary"": false, ""is_ticked_by_default"": null}, {""title"": ""Nordic Data Resources AS"", ""is_strictly_necessary"": false, ""is_ticked_by_default"": null}, {""title"": ""The Cools Group Inc."", ""is_strictly_necessary"": false, ""is_ticked_by_default"": null}, {""title"": ""BrightLine Partners LLC"", ""is_strictly_necessary"": false, ""is_ticked_by_default"": null}, {""title"": ""Inspigroup s.r.o."", ""is_strictly_necessary"": false, ""is_ticked_by_default"": null}, {""title"": ""Bedrock Platform Ltd"", ""is_strictly_necessary"": false, ""is_ticked_by_default"": null}, {""title"": ""OursBlanc"", ""is_strictly_necessary"": false, ""is_ticked_by_default"": null}, {""title"": ""Titan Ads"", ""is_strictly_necessary"": false, ""is_ticked_by_default"": null}, {""title"": ""ConceptX ApS"", ""is_strictly_necessary"": false, ""is_ticked_by_default"": null}, {""title"": ""Voise Tech Limited"", ""is_strictly_necessary"": false, ""is_ticked_by_default"": null}, {""title"": ""Affle Inc"", ""is_strictly_necessary"": false, ""is_ticked_by_default"": null}, {""title"": ""Go See TV Limited"", ""is_strictly_necessary"": false, ""is_ticked_by_default"": null}, {""title"": ""ProgrammaticX LTD"", ""is_strictly_necessary"": false, ""is_ticked_by_default"": null}, {""title"": ""Digital Matter, UAB"", ""is_strictly_necessary"": false, ""is_ticked_by_default"": null}, {""title"": ""Mobitech LTD"", ""is_strictly_necessary"": false, ""is_ticked_by_default"": null}, {""title"": ""Gravito Ltd."", ""is_strictly_necessary"": false, ""is_ticked_by_default"": null}, {""title"": ""Mobian LLC"", ""is_strictly_necessary"": false, ""is_ticked_by_default"": null}, {""title"": ""Prado Media Ltd."", ""is_strictly_necessary"": false, ""is_ticked_by_default"": null}, {""title"": ""Telekom Deutschland GmbH"", ""is_strictly_necessary"": false, ""is_ticked_by_default"": null}, {""title"": ""MEDIAVERSE.AI LTD"", ""is_strictly_necessary"": false, ""is_ticked_by_default"": null}, {""title"": ""PGAM Media LLC"", ""is_strictly_necessary"": false, ""is_ticked_by_default"": null}, {""title"": ""Sunteng Hong Kong Holdings Limited"", ""is_strictly_necessary"": false, ""is_ticked_by_default"": null}, {""title"": ""Stamp"", ""is_strictly_necessary"": false, ""is_ticked_by_default"": null}, {""title"": ""Copper6 LTD"", ""is_strictly_necessary"": false, ""is_ticked_by_default"": null}, {""title"": ""TAURUSX INTERNATIONAL PTE. LTD."", ""is_strictly_necessary"": false, ""is_ticked_by_default"": null}, {""title"": ""iion Digital Pty Ltd"", ""is_strictly_necessary"": false, ""is_ticked_by_default"": null}, {""title"": ""MULTIBRAIN INC."", ""is_strictly_necessary"": false, ""is_ticked_by_default"": null}, {""title"": ""Nodals AI Ltd"", ""is_strictly_necessary"": false, ""is_ticked_by_default"": null}, {""title"": ""Nitrouppi LTD"", ""is_strictly_necessary"": false, ""is_ticked_by_default"": null}, {""title"": ""GEEMEE INC."", ""is_strictly_necessary"": false, ""is_ticked_by_default"": null}, {""title"": ""Low Lag Labs"", ""is_strictly_necessary"": false, ""is_ticked_by_default"": null}, {""title"": ""myCast TV"", ""is_strictly_necessary"": false, ""is_ticked_by_default"": null}, {""title"": ""Jobster AdTech B.V."", ""is_strictly_necessary"": false, ""is_ticked_by_default"": null}, {""title"": ""OLYZON"", ""is_strictly_necessary"": false, ""is_ticked_by_default"": null}, {""title"": ""Transfon Ltd"", ""is_strictly_necessary"": false, ""is_ticked_by_default"": null}, {""title"": ""Content Performance Group GmbH"", ""is_strictly_necessary"": false, ""is_ticked_by_default"": null}, {""title"": ""CRACKLE TECHNOLOGIES PTE. LTD."", ""is_strictly_necessary"": false, ""is_ticked_by_default"": null}, {""title"": ""adjoe GmbH"", ""is_strictly_necessary"": false, ""is_ticked_by_default"": null}, {""title"": ""Kuantyx Media Limited"", ""is_strictly_necessary"": false, ""is_ticked_by_default"": null}, {""title"": ""Beacon Holdings LTD"", ""is_strictly_necessary"": false, ""is_ticked_by_default"": null}, {""title"": ""EASY TECH GROUP CO., LIMITED"", ""is_strictly_necessary"": false, ""is_ticked_by_default"": null}, {""title"": ""Teal Digital Group Ltd"", ""is_strictly_necessary"": false, ""is_ticked_by_default"": null}, {""title"": ""App Samurai Inc"", ""is_strictly_necessary"": false, ""is_ticked_by_default"": null}, {""title"": ""Blasto sp.z.o.o."", ""is_strictly_necessary"": false, ""is_ticked_by_default"": null}, {""title"": ""014 ON"", ""is_strictly_necessary"": false, ""is_ticked_by_default"": null}, {""title"": ""UAB Xeworks"", ""is_strictly_necessary"": false, ""is_ticked_by_default"": null}, {""title"": ""Click Performance GmbH"", ""is_strictly_necessary"": false, ""is_ticked_by_default"": null}, {""title"": ""Ad-Shield, Inc"", ""is_strictly_necessary"": false, ""is_ticked_by_default"": null}, {""title"": ""Admaster Private Limited"", ""is_strictly_necessary"": false, ""is_ticked_by_default"": null}, {""title"": ""AceeX Sp.z.o.o."", ""is_strictly_necessary"": false, ""is_ticked_by_default"": null}, {""title"": ""NHNACE"", ""is_strictly_necessary"": false, ""is_ticked_by_default"": null}, {""title"": ""Bidease Inc"", ""is_strictly_necessary"": false, ""is_ticked_by_default"": null}, {""title"": ""Botman Inc"", ""is_strictly_necessary"": false, ""is_ticked_by_default"": null}, {""title"": ""Sevio Digital Limited"", ""is_strictly_necessary"": false, ""is_ticked_by_default"": null}, {""title"": ""ORAKI DIGITAL IRELAND LIMITED"", ""is_strictly_necessary"": false, ""is_ticked_by_default"": null}, {""title"": ""Nowtilus GmbH"", ""is_strictly_necessary"": false, ""is_ticked_by_default"": null}, {""title"": ""AnyClip Inc."", ""is_strictly_necessary"": false, ""is_ticked_by_default"": null}, {""title"": ""VICOM SOLUTION LTD"", ""is_strictly_necessary"": false, ""is_ticked_by_default"": null}, {""title"": ""VOXELSCOPE LDA"", ""is_strictly_necessary"": false, ""is_ticked_by_default"": null}, {""title"": ""BIDGENCY GROUP LP"", ""is_strictly_necessary"": false, ""is_ticked_by_default"": null}, {""title"": ""Sahar Media FZE"", ""is_strictly_necessary"": false, ""is_ticked_by_default"": null}, {""title"": ""MARKAPP MEDIA LTD"", ""is_strictly_necessary"": false, ""is_ticked_by_default"": null}, {""title"": ""M6 PUBLICITE"", ""is_strictly_necessary"": false, ""is_ticked_by_default"": null}, {""title"": ""Pubstack"", ""is_strictly_necessary"": false, ""is_ticked_by_default"": null}, {""title"": ""Motorik spolka z ograniczona odpowiedzialnoscia"", ""is_strictly_necessary"": false, ""is_ticked_by_default"": null}, {""title"": ""publuence GmbH"", ""is_strictly_necessary"": false, ""is_ticked_by_default"": null}, {""title"": ""Data Circle"", ""is_strictly_necessary"": false, ""is_ticked_by_default"": null}, {""title"": ""Unbounded AB"", ""is_strictly_necessary"": false, ""is_ticked_by_default"": null}, {""title"": ""The Neuron Holdings INC"", ""is_strictly_necessary"": false, ""is_ticked_by_default"": null}, {""title"": ""THEADX  YAZILIM H\u0130ZMETLER\u0130 SAN.VE T\u0130C.A.\u015e"", ""is_strictly_necessary"": false, ""is_ticked_by_default"": null}, {""title"": ""Moving Up S.r.l."", ""is_strictly_necessary"": false, ""is_ticked_by_default"": null}, {""title"": ""Adswag B.V."", ""is_strictly_necessary"": false, ""is_ticked_by_default"": null}, {""title"": ""GEMINI DIRECT marketing solutions GmbH"", ""is_strictly_necessary"": false, ""is_ticked_by_default"": null}, {""title"": ""JMMOBI INC."", ""is_strictly_necessary"": false, ""is_ticked_by_default"": null}, {""title"": ""Swipefinder AB"", ""is_strictly_necessary"": false, ""is_ticked_by_default"": null}, {""title"": ""Target Better Inc"", ""is_strictly_necessary"": false, ""is_ticked_by_default"": null}, {""title"": ""Balloon Labs LLC"", ""is_strictly_necessary"": false, ""is_ticked_by_default"": null}, {""title"": ""MULTIMARKET SERVICES PORTUGAL, LDA"", ""is_strictly_necessary"": false, ""is_ticked_by_default"": null}, {""title"": ""KC Connekt Media LTD"", ""is_strictly_necessary"": false, ""is_ticked_by_default"": null}, {""title"": ""HighVibes Media GmbH"", ""is_strictly_necessary"": false, ""is_ticked_by_default"": null}, {""title"": ""Creatives"", ""is_strictly_necessary"": false, ""is_ticked_by_default"": null}, {""title"": ""Zillian S.A."", ""is_strictly_necessary"": false, ""is_ticked_by_default"": null}, {""title"": ""Lutkan Bv"", ""is_strictly_necessary"": false, ""is_ticked_by_default"": null}, {""title"": ""BS Group"", ""is_strictly_necessary"": false, ""is_ticked_by_default"": null}, {""title"": ""HBAgency"", ""is_strictly_necessary"": false, ""is_ticked_by_default"": null}, {""title"": ""Danoler Group SP. Z O.O."", ""is_strictly_necessary"": false, ""is_ticked_by_default"": null}, {""title"": ""ViSTARS Inc."", ""is_strictly_necessary"": false, ""is_ticked_by_default"": null}, {""title"": ""ADFIXUS PTY LTD"", ""is_strictly_necessary"": false, ""is_ticked_by_default"": null}, {""title"": ""ADSGO SL d/b/a ESCALAX"", ""is_strictly_necessary"": false, ""is_ticked_by_default"": null}, {""title"": ""Ringier AG"", ""is_strictly_necessary"": false, ""is_ticked_by_default"": null}, {""title"": ""INTEGRALSTREAM LTD"", ""is_strictly_necessary"": false, ""is_ticked_by_default"": null}, {""title"": ""Roam B.V - Echo Analytics"", ""is_strictly_necessary"": false, ""is_ticked_by_default"": null}, {""title"": ""NEXT MEDIA SOLUTIONS"", ""is_strictly_necessary"": false, ""is_ticked_by_default"": null}, {""title"": ""Serafino Pte. Ltd."", ""is_strictly_necessary"": false, ""is_ticked_by_default"": null}, {""title"": ""Octopads"", ""is_strictly_necessary"": false, ""is_ticked_by_default"": null}, {""title"": ""Drako Media Group Inc."", ""is_strictly_necessary"": false, ""is_ticked_by_default"": null}, {""title"": ""Pixels AI Ltd"", ""is_strictly_necessary"": false, ""is_ticked_by_default"": null}, {""title"": ""Velonium LTD"", ""is_strictly_necessary"": false, ""is_ticked_by_default"": null}, {""title"": ""Interactive Performance Deutschland GmbH"", ""is_strictly_necessary"": false, ""is_ticked_by_default"": null}, {""title"": ""Legitimate Interest"", ""is_strictly_necessary"": false, ""is_ticked_by_default"": null}, {""title"": ""Mercado Livre"", ""is_strictly_necessary"": false, ""is_ticked_by_default"": null}, {""title"": ""Shanon, Inc."", ""is_strictly_necessary"": false, ""is_ticked_by_default"": null}, {""title"": ""Cloudflare"", ""is_strictly_necessary"": false, ""is_ticked_by_default"": null}, {""title"": ""TH Proximity"", ""is_strictly_necessary"": false, ""is_ticked_by_default"": null}, {""title"": ""Cadent"", ""is_strictly_necessary"": false, ""is_ticked_by_default"": null}, {""title"": ""Liftoff"", ""is_strictly_necessary"": false, ""is_ticked_by_default"": null}, {""title"": ""Domob"", ""is_strictly_necessary"": false, ""is_ticked_by_default"": null}, {""title"": ""Tapjoy"", ""is_strictly_necessary"": false, ""is_ticked_by_default"": null}, {""title"": ""Bigabid"", ""is_strictly_necessary"": false, ""is_ticked_by_default"": null}, {""title"": ""gskinner"", ""is_strictly_necessary"": false, ""is_ticked_by_default"": null}, {""title"": ""Front Porch, Inc."", ""is_strictly_necessary"": false, ""is_ticked_by_default"": null}, {""title"": ""DENTSU"", ""is_strictly_necessary"": false, ""is_ticked_by_default"": null}, {""title"": ""SuperAwesome"", ""is_strictly_necessary"": false, ""is_ticked_by_default"": null}, {""title"": ""Dable"", ""is_strictly_necessary"": false, ""is_ticked_by_default"": null}, {""title"": ""Flexitive"", ""is_strictly_necessary"": false, ""is_ticked_by_default"": null}, {""title"": ""Pangle DSP"", ""is_strictly_necessary"": false, ""is_ticked_by_default"": null}, {""title"": ""GROUPE M6"", ""is_strictly_necessary"": false, ""is_ticked_by_default"": null}, {""title"": ""Lacuna"", ""is_strictly_necessary"": false, ""is_ticked_by_default"": null}, {""title"": ""Amplified Intelligence"", ""is_strictly_necessary"": false, ""is_ticked_by_default"": null}, {""title"": ""Tenjin"", ""is_strictly_necessary"": false, ""is_ticked_by_default"": null}, {""title"": ""D-EDGE"", ""is_strictly_necessary"": false, ""is_ticked_by_default"": null}, {""title"": ""Bidmachine"", ""is_strictly_necessary"": false, ""is_ticked_by_default"": null}, {""title"": ""DISQO"", ""is_strictly_necessary"": false, ""is_ticked_by_default"": null}, {""title"": ""Metrike"", ""is_strictly_necessary"": false, ""is_ticked_by_default"": null}, {""title"": ""Bannerse O\u00dc"", ""is_strictly_necessary"": false, ""is_ticked_by_default"": null}, {""title"": ""AZURE TECH PTY LTD"", ""is_strictly_necessary"": false, ""is_ticked_by_default"": null}, {""title"": ""Smart Media4U Technology Pte Ltd"", ""is_strictly_necessary"": false, ""is_ticked_by_default"": null}, {""title"": ""Anonymised"", ""is_strictly_necessary"": false, ""is_ticked_by_default"": null}, {""title"": ""Nowbetnow"", ""is_strictly_necessary"": false, ""is_ticked_by_default"": null}, {""title"": ""Videostori"", ""is_strictly_necessary"": false, ""is_ticked_by_default"": null}, {""title"": ""Synamedia"", ""is_strictly_necessary"": false, ""is_ticked_by_default"": null}, {""title"": ""DM3 Concepts B.V."", ""is_strictly_necessary"": false, ""is_ticked_by_default"": null}, {""title"": ""Octillion"", ""is_strictly_necessary"": false, ""is_ticked_by_default"": null}, {""title"": ""AccuWeather"", ""is_strictly_necessary"": false, ""is_ticked_by_default"": null}, {""title"": ""Whistle Feed"", ""is_strictly_necessary"": false, ""is_ticked_by_default"": null}, {""title"": ""Mobian"", ""is_strictly_necessary"": false, ""is_ticked_by_default"": null}, {""title"": ""Adwise - Your Digital Brain"", ""is_strictly_necessary"": false, ""is_ticked_by_default"": null}, {""title"": ""mFilterIt"", ""is_strictly_necessary"": false, ""is_ticked_by_default"": null}, {""title"": ""AdRetriever"", ""is_strictly_necessary"": false, ""is_ticked_by_default"": null}, {""title"": ""Brancher.X"", ""is_strictly_necessary"": false, ""is_ticked_by_default"": null}, {""title"": ""Blockboard"", ""is_strictly_necessary"": false, ""is_ticked_by_default"": null}, {""title"": ""A.Vogel AG"", ""is_strictly_necessary"": false, ""is_ticked_by_default"": null}, {""title"": ""Madopi Media"", ""is_strictly_necessary"": false, ""is_ticked_by_default"": null}, {""title"": ""TouchTown Media"", ""is_strictly_necessary"": false, ""is_ticked_by_default"": null}, {""title"": ""TRFFK powered by autoTRADER.ca"", ""is_strictly_necessary"": false, ""is_ticked_by_default"": null}, {""title"": ""John Lewis & Partners"", ""is_strictly_necessary"": false, ""is_ticked_by_default"": null}, {""title"": ""Adwise Agency"", ""is_strictly_necessary"": false, ""is_ticked_by_default"": null}, {""title"": ""checkbox label"", ""is_strictly_necessary"": false, ""is_ticked_by_default"": null}, {""title"": ""Piano"", ""is_strictly_necessary"": false, ""is_ticked_by_default"": null}, {""title"": ""TikTok"", ""is_strictly_necessary"": false, ""is_ticked_by_default"": null}, {""title"": ""LinkedIn"", ""is_strictly_necessary"": false, ""is_ticked_by_default"": null}, {""title"": ""Hotjar"", ""is_strictly_necessary"": false, ""is_ticked_by_default"": null}, {""title"": ""Twitter"", ""is_strictly_necessary"": false, ""is_ticked_by_default"": null}]",0.44000000000000006,[],"Use precise geolocation data. Actively scan device characteristics for identification. Store and/or access information on a device. Personalised advertising and content, advertising and content measurement, audience research and services development.
List of Vendors",4255,FALSE,FALSE,FALSE,"['dpv:Marketing', 'dpv:SocialMediaIntegration', 'dpv:ServiceProvision', 'dpv:Analytics', 'dpv:Security', 'dpv:Unknown']",3,0.1507466666666665,TRUE,FALSE
https://www.rsvplive.ie/,2025-06-22T14:54:42.315618,Partial (Interaction Failed),Cookiebot,TRUE,FALSE,FALSE,FALSE,,FALSE,0,0,0,[],0,['No button with positive settings keywords found.'],,0,FALSE,FALSE,FALSE,[],1,0,FALSE,FALSE
https://www.eir.ie/,2025-06-22T14:55:00.663957,Partial (Interaction Failed),Onetrust,TRUE,TRUE,TRUE,FALSE,,FALSE,0,0,0,[],0,['No button with positive settings keywords found.'],,0,FALSE,FALSE,FALSE,[],1,0,FALSE,FALSE
https://www.aerlingus.com/,2025-06-22T14:55:11.329008,Partial (Interaction Failed),Onetrust,TRUE,TRUE,FALSE,FALSE,,FALSE,0,0,0,[],0,['No button with positive settings keywords found.'],,0,FALSE,FALSE,FALSE,[],3,0,FALSE,FALSE
https://www.ryanair.com/ie/en,2025-06-22T14:55:19.799566,Partial (Interaction Failed),Unknown/Custom,TRUE,TRUE,FALSE,FALSE,,FALSE,0,0,0,[],0,['No button with positive settings keywords found.'],"We value your privacy By clicking “Yes, I agree”, you agree to Ryanair using cookies to improve your browsing experience, to personalise content, to provide social media features and to analyse our traffic. We may also share information with our advertising, analytics and social media partners for their own purposes. You can manage your cookie settings by clicking the “View Cookie Settings” button. For more information on how we process your personal data, please review our Cookie Policy or Privacy Policy. By clicking “Yes, I agree”, you agree to Ryanair using cookies to improve your browsing experience, to personalise content, to provide social media features and to analyse our traffic. We may also share information with our advertising, analytics and social media partners for their own purposes. You can manage your cookie settings by clicking the “View Cookie Settings” button. For more information on how we process your personal data, please review our Cookie Policy or Privacy Policy.",0,FALSE,FALSE,FALSE,[],1,0,FALSE,FALSE
https://www.buseireann.ie/,2025-06-22T14:55:32.740134,Partial (Interaction Failed),Onetrust,TRUE,TRUE,TRUE,FALSE,,FALSE,0,0,0,[],0,['No button with positive settings keywords found.'],,0,FALSE,FALSE,FALSE,[],1,0,FALSE,FALSE
https://www.irishrail.ie/,2025-06-22T14:55:39.402785,Partial (Interaction Failed),Cookiebot,TRUE,FALSE,FALSE,FALSE,,FALSE,0,6,0,[],0,['No button with positive settings keywords found.'],,0,FALSE,FALSE,FALSE,[],4,0,FALSE,FALSE
https://www.dublinbus.ie/,2025-06-22T14:55:55.211838,Partial (Interaction Failed),Cookiebot,TRUE,TRUE,FALSE,FALSE,,FALSE,0,6,0,[],0,['No button with positive settings keywords found.'],,0,FALSE,FALSE,FALSE,[],4,0,FALSE,FALSE
https://www.luas.ie/,2025-06-22T14:56:39.189024,Success,Onetrust,TRUE,TRUE,TRUE,TRUE,Manage preferences,TRUE,13,0,2,"[{""title"": ""Cookies"", ""is_strictly_necessary"": false, ""is_ticked_by_default"": null}, {""title"": ""Strictly Necessary Cookies"", ""is_strictly_necessary"": true, ""is_ticked_by_default"": null}, {""title"": ""Strictly Necessary Cookies"", ""is_strictly_necessary"": true, ""is_ticked_by_default"": null}, {""title"": ""Analytical Cookies"", ""is_strictly_necessary"": false, ""is_ticked_by_default"": null}, {""title"": ""Analytical Cookies"", ""is_strictly_necessary"": false, ""is_ticked_by_default"": null}, {""title"": ""Functional Cookies"", ""is_strictly_necessary"": false, ""is_ticked_by_default"": null}, {""title"": ""Functional Cookies"", ""is_strictly_necessary"": false, ""is_ticked_by_default"": null}, {""title"": ""Analytical Cookies"", ""is_strictly_necessary"": false, ""is_ticked_by_default"": null}, {""title"": ""Functional Cookies"", ""is_strictly_necessary"": false, ""is_ticked_by_default"": null}, {""title"": ""checkbox label"", ""is_strictly_necessary"": false, ""is_ticked_by_default"": null}, {""title"": ""checkbox label"", ""is_strictly_necessary"": false, ""is_ticked_by_default"": null}, {""title"": ""checkbox label"", ""is_strictly_necessary"": false, ""is_ticked_by_default"": null}, {""title"": ""checkbox label"", ""is_strictly_necessary"": false, ""is_ticked_by_default"": null}]",0.5599999999999999,[],,0,FALSE,FALSE,FALSE,"['dpv:Unknown', 'dpv:ServiceProvision']",2,0,TRUE,FALSE
https://www.revenue.ie/,2025-06-22T14:56:51.958617,Partial (Interaction Failed),Cookiebot,TRUE,FALSE,FALSE,FALSE,,FALSE,0,0,0,[],0,['No buttons found in banner.'],,0,FALSE,FALSE,FALSE,[],0,0,FALSE,FALSE
https://www.gov.ie/,2025-06-22T14:57:03.693105,Partial (Interaction Failed),Didomi,TRUE,TRUE,FALSE,FALSE,,FALSE,0,0,0,[],0,['No button with positive settings keywords found.'],This website uses cookies to collect information about how you use this site. This information is used to make the website work as well as possible. More details available in our cookie and privacy policies.,0,FALSE,FALSE,FALSE,[],3,0,FALSE,FALSE
https://www.citizensinformation.ie/,2025-06-22T14:57:15.893073,Partial (Interaction Failed),Didomi,TRUE,FALSE,FALSE,FALSE,,FALSE,0,0,0,[],0,['No button with positive settings keywords found.'],,0,FALSE,FALSE,FALSE,[],0,0,FALSE,FALSE
https://www.hse.ie/,2025-06-22T14:57:28.731456,Partial (Interaction Failed),Onetrust,TRUE,TRUE,FALSE,FALSE,,FALSE,0,0,0,[],0,['No button with positive settings keywords found.'],,0,FALSE,FALSE,FALSE,[],2,0,FALSE,FALSE
https://www.bonkers.ie/,2025-06-22T14:57:35.924720,Partial (Interaction Failed),Onetrust,TRUE,TRUE,FALSE,FALSE,,FALSE,0,0,0,[],0,['No button with positive settings keywords found.'],"Like most companies we use cookies to help manage our website. Some of these cookies are necessary to ensure our site functions properly.

Others are optional and help us with site analytics, social media features and our marketing efforts, which in turn help us to provide a seamless online experience as well as a free service to our users. Cookies are used for ads personalisation.

You can choose to accept all cookies or only the ones that you are happy to opt in to.",0,FALSE,FALSE,FALSE,[],1,0,FALSE,FALSE
https://www.bordgaisenergy.ie/,2025-06-22T14:57:43.639206,Success,Onetrust,TRUE,TRUE,FALSE,TRUE,Manage My Preferences,TRUE,11,1,1,"[{""title"": ""Strictly Necessary Cookies"", ""is_strictly_necessary"": true, ""is_ticked_by_default"": null}, {""title"": ""First Party Analytical Cookies"", ""is_strictly_necessary"": false, ""is_ticked_by_default"": true}, {""title"": ""First Party Analytical Cookies"", ""is_strictly_necessary"": false, ""is_ticked_by_default"": null}, {""title"": ""Functional Cookies"", ""is_strictly_necessary"": false, ""is_ticked_by_default"": false}, {""title"": ""Functional Cookies"", ""is_strictly_necessary"": false, ""is_ticked_by_default"": null}, {""title"": ""Targeting Cookies"", ""is_strictly_necessary"": false, ""is_ticked_by_default"": false}, {""title"": ""Targeting Cookies"", ""is_strictly_necessary"": false, ""is_ticked_by_default"": null}, {""title"": ""checkbox label"", ""is_strictly_necessary"": false, ""is_ticked_by_default"": null}, {""title"": ""checkbox label"", ""is_strictly_necessary"": false, ""is_ticked_by_default"": null}, {""title"": ""checkbox label"", ""is_strictly_necessary"": false, ""is_ticked_by_default"": null}, {""title"": ""checkbox label"", ""is_strictly_necessary"": false, ""is_ticked_by_default"": null}]",0.48,[],,0,FALSE,FALSE,FALSE,"['dpv:Unknown', 'dpv:Marketing', 'dpv:ServiceProvision']",1,0,TRUE,FALSE
https://www.electricireland.ie/,2025-06-22T14:57:55.494435,Partial (Interaction Failed),Onetrust,TRUE,TRUE,FALSE,FALSE,,FALSE,0,0,0,[],0,['No button with positive settings keywords found.'],,0,FALSE,FALSE,FALSE,[],1,0,FALSE,FALSE
https://www.bankofireland.com/,2025-06-22T14:58:02.950006,Partial (Interaction Failed),Onetrust,TRUE,TRUE,FALSE,FALSE,,FALSE,0,0,0,[],0,['No button with positive settings keywords found.'],,0,FALSE,FALSE,FALSE,[],1,0,FALSE,FALSE
https://www.aib.ie/,2025-06-22T14:58:10.162731,Success,Onetrust,TRUE,TRUE,FALSE,TRUE,Adjust my preferences,TRUE,28,0,2,"[{""title"": ""Sustainability"", ""is_strictly_necessary"": false, ""is_ticked_by_default"": null}, {""title"": ""Contact us today"", ""is_strictly_necessary"": false, ""is_ticked_by_default"": null}, {""title"": ""Are you worried about payments?"", ""is_strictly_necessary"": false, ""is_ticked_by_default"": null}, {""title"": ""Mortgages"", ""is_strictly_necessary"": false, ""is_ticked_by_default"": null}, {""title"": ""Savings & Deposits"", ""is_strictly_necessary"": false, ""is_ticked_by_default"": null}, {""title"": ""Insurance"", ""is_strictly_necessary"": false, ""is_ticked_by_default"": null}, {""title"": ""Loans"", ""is_strictly_necessary"": false, ""is_ticked_by_default"": null}, {""title"": ""Are you worried about payments?"", ""is_strictly_necessary"": false, ""is_ticked_by_default"": null}, {""title"": ""Concerned about Fraud?"", ""is_strictly_necessary"": false, ""is_ticked_by_default"": null}, {""title"": ""Business Banking"", ""is_strictly_necessary"": false, ""is_ticked_by_default"": null}, {""title"": ""Corporate Banking"", ""is_strictly_necessary"": false, ""is_ticked_by_default"": null}, {""title"": ""Private Banking"", ""is_strictly_necessary"": false, ""is_ticked_by_default"": null}, {""title"": ""About Cookies"", ""is_strictly_necessary"": false, ""is_ticked_by_default"": null}, {""title"": ""Strictly Necessary Cookies"", ""is_strictly_necessary"": true, ""is_ticked_by_default"": null}, {""title"": ""Strictly Necessary Cookies"", ""is_strictly_necessary"": true, ""is_ticked_by_default"": null}, {""title"": ""Performance Cookies"", ""is_strictly_necessary"": false, ""is_ticked_by_default"": null}, {""title"": ""Performance Cookies"", ""is_strictly_necessary"": false, ""is_ticked_by_default"": null}, {""title"": ""Functional Cookies"", ""is_strictly_necessary"": false, ""is_ticked_by_default"": null}, {""title"": ""Functional Cookies"", ""is_strictly_necessary"": false, ""is_ticked_by_default"": null}, {""title"": ""Targeting Cookies"", ""is_strictly_necessary"": false, ""is_ticked_by_default"": null}, {""title"": ""Targeting Cookies"", ""is_strictly_necessary"": false, ""is_ticked_by_default"": null}, {""title"": ""Performance Cookies"", ""is_strictly_necessary"": false, ""is_ticked_by_default"": null}, {""title"": ""Functional Cookies"", ""is_strictly_necessary"": false, ""is_ticked_by_default"": null}, {""title"": ""Targeting Cookies"", ""is_strictly_necessary"": false, ""is_ticked_by_default"": null}, {""title"": ""checkbox label"", ""is_strictly_necessary"": false, ""is_ticked_by_default"": null}, {""title"": ""checkbox label"", ""is_strictly_necessary"": false, ""is_ticked_by_default"": null}, {""title"": ""checkbox label"", ""is_strictly_necessary"": false, ""is_ticked_by_default"": null}, {""title"": ""checkbox label"", ""is_strictly_necessary"": false, ""is_ticked_by_default"": null}]",0.48,[],,5,FALSE,FALSE,FALSE,"['dpv:Marketing', 'dpv:ServiceProvision', 'dpv:Analytics', 'dpv:Security', 'dpv:Unknown']",1,0,TRUE,FALSE
https://www.permanenttsb.ie/,2025-06-22T14:58:22.116502,Success,Onetrust,TRUE,TRUE,TRUE,TRUE,Manage Preferences,TRUE,16,0,0,"[{""title"": ""Cookie Consent Management"", ""is_strictly_necessary"": false, ""is_ticked_by_default"": null}, {""title"": ""Necessary"", ""is_strictly_necessary"": false, ""is_ticked_by_default"": null}, {""title"": ""Necessary"", ""is_strictly_necessary"": false, ""is_ticked_by_default"": null}, {""title"": ""Functional Cookies"", ""is_strictly_necessary"": false, ""is_ticked_by_default"": null}, {""title"": ""Functional Cookies"", ""is_strictly_necessary"": false, ""is_ticked_by_default"": null}, {""title"": ""Performance Analytics"", ""is_strictly_necessary"": false, ""is_ticked_by_default"": null}, {""title"": ""Performance Analytics"", ""is_strictly_necessary"": false, ""is_ticked_by_default"": null}, {""title"": ""Marketing"", ""is_strictly_necessary"": false, ""is_ticked_by_default"": null}, {""title"": ""Marketing"", ""is_strictly_necessary"": false, ""is_ticked_by_default"": null}, {""title"": ""Functional Cookies"", ""is_strictly_necessary"": false, ""is_ticked_by_default"": null}, {""title"": ""Performance Analytics"", ""is_strictly_necessary"": false, ""is_ticked_by_default"": null}, {""title"": ""Marketing"", ""is_strictly_necessary"": false, ""is_ticked_by_default"": null}, {""title"": ""checkbox label"", ""is_strictly_necessary"": false, ""is_ticked_by_default"": null}, {""title"": ""checkbox label"", ""is_strictly_necessary"": false, ""is_ticked_by_default"": null}, {""title"": ""checkbox label"", ""is_strictly_necessary"": false, ""is_ticked_by_default"": null}, {""title"": ""checkbox label"", ""is_strictly_necessary"": false, ""is_ticked_by_default"": null}]",0.58,[],,0,FALSE,FALSE,FALSE,"['dpv:Unknown', 'dpv:Marketing', 'dpv:ServiceProvision', 'dpv:Analytics']",1,0,TRUE,FALSE
https://www.ulsterbank.ie/,2025-06-22T14:58:36.460501,Success,Onetrust,TRUE,TRUE,FALSE,TRUE,Manage Preferences,TRUE,13,0,1,"[{""title"": ""Strictly Necessary Cookies"", ""is_strictly_necessary"": true, ""is_ticked_by_default"": null}, {""title"": ""Customer Experience"", ""is_strictly_necessary"": false, ""is_ticked_by_default"": false}, {""title"": ""Customer Experience"", ""is_strictly_necessary"": false, ""is_ticked_by_default"": null}, {""title"": ""Functional Cookies"", ""is_strictly_necessary"": false, ""is_ticked_by_default"": false}, {""title"": ""Functional Cookies"", ""is_strictly_necessary"": false, ""is_ticked_by_default"": null}, {""title"": ""Performance Cookies"", ""is_strictly_necessary"": false, ""is_ticked_by_default"": false}, {""title"": ""Performance Cookies"", ""is_strictly_necessary"": false, ""is_ticked_by_default"": null}, {""title"": ""Targeting Cookies"", ""is_strictly_necessary"": false, ""is_ticked_by_default"": false}, {""title"": ""Targeting Cookies"", ""is_strictly_necessary"": false, ""is_ticked_by_default"": null}, {""title"": ""checkbox label"", ""is_strictly_necessary"": false, ""is_ticked_by_default"": null}, {""title"": ""checkbox label"", ""is_strictly_necessary"": false, ""is_ticked_by_default"": null}, {""title"": ""checkbox label"", ""is_strictly_necessary"": false, ""is_ticked_by_default"": null}, {""title"": ""checkbox label"", ""is_strictly_necessary"": false, ""is_ticked_by_default"": null}]",0.48,[],,0,FALSE,FALSE,FALSE,"['dpv:Unknown', 'dpv:Marketing', 'dpv:ServiceProvision', 'dpv:Analytics']",1,0,TRUE,FALSE
https://www.creditunion.ie/,2025-06-22T14:58:45.955928,Success,Onetrust,TRUE,TRUE,TRUE,TRUE,Manage Settings,TRUE,16,0,2,"[{""title"": ""Your Privacy"", ""is_strictly_necessary"": false, ""is_ticked_by_default"": null}, {""title"": ""Strictly Necessary Cookies"", ""is_strictly_necessary"": true, ""is_ticked_by_default"": null}, {""title"": ""Strictly Necessary Cookies"", ""is_strictly_necessary"": true, ""is_ticked_by_default"": null}, {""title"": ""Performance Cookies"", ""is_strictly_necessary"": false, ""is_ticked_by_default"": null}, {""title"": ""Performance Cookies"", ""is_strictly_necessary"": false, ""is_ticked_by_default"": null}, {""title"": ""Functional Cookies"", ""is_strictly_necessary"": false, ""is_ticked_by_default"": null}, {""title"": ""Functional Cookies"", ""is_strictly_necessary"": false, ""is_ticked_by_default"": null}, {""title"": ""Advertising & Marketing Cookies"", ""is_strictly_necessary"": false, ""is_ticked_by_default"": null}, {""title"": ""Advertising & Marketing Cookies"", ""is_strictly_necessary"": false, ""is_ticked_by_default"": null}, {""title"": ""Performance Cookies"", ""is_strictly_necessary"": false, ""is_ticked_by_default"": null}, {""title"": ""Functional Cookies"", ""is_strictly_necessary"": false, ""is_ticked_by_default"": null}, {""title"": ""Advertising & Marketing Cookies"", ""is_strictly_necessary"": false, ""is_ticked_by_default"": null}, {""title"": ""checkbox label"", ""is_strictly_necessary"": false, ""is_ticked_by_default"": null}, {""title"": ""checkbox label"", ""is_strictly_necessary"": false, ""is_ticked_by_default"": null}, {""title"": ""checkbox label"", ""is_strictly_necessary"": false, ""is_ticked_by_default"": null}, {""title"": ""checkbox label"", ""is_strictly_necessary"": false, ""is_ticked_by_default"": null}]",0.58,[],"We use cookies to ensure our website works correctly for you. They help us to understand when and how the website is used, as well as enabling us to work with our service providers to show advertising that we believe will be relevant to you. By clicking Accept all Cookies you agree to the use of all cookies. You can manage your cookie settings by clicking Manage Settings. To find out more about how we use cookies please read our Cookie Policy.",0,FALSE,FALSE,FALSE,"['dpv:Unknown', 'dpv:Marketing', 'dpv:ServiceProvision', 'dpv:Analytics']",1,0.6213071951219513,TRUE,FALSE
https://www.dcu.ie/,2025-06-22T14:58:55.820518,Partial (Interaction Failed),Cookiebot,TRUE,FALSE,FALSE,FALSE,,FALSE,0,6,0,[],0,['No buttons found in banner.'],,0,FALSE,FALSE,FALSE,[],6,0,FALSE,FALSE
https://www.tcd.ie/,2025-06-22T14:59:08.103451,Partial (Interaction Failed),Onetrust,TRUE,TRUE,FALSE,FALSE,,FALSE,0,0,0,[],0,['No button with positive settings keywords found.'],,0,FALSE,FALSE,FALSE,[],1,0,FALSE,FALSE
https://www.ucc.ie/,2025-06-22T14:59:17.984238,Partial (Interaction Failed),Onetrust,TRUE,TRUE,TRUE,FALSE,,FALSE,0,0,0,[],0,['No button with positive settings keywords found.'],"We use necessary cookies to make our site work. We’d also like to set other cookies to help us improve the browsing experience and assist in our marketing efforts. These will be set only if you accept. You can control the categories of cookies enabled by selecting the options within this banner. You can also get more information, and modify your cookie preferences at any time by clicking on the cookie settings button, within our Cookie Policy",0,FALSE,FALSE,FALSE,[],1,0,FALSE,FALSE
https://www.nuigalway.ie/,2025-06-22T14:59:25.931616,Partial (Interaction Failed),Unknown/Custom,TRUE,TRUE,FALSE,FALSE,,FALSE,0,0,0,[],0,['No button with positive settings keywords found.'],"Manage Cookies
Allow University of Galway to use Cookies for:
Functionality:    Your preferences:    Analytics:    Ads: 
ALLOW ALL ALLOW NONE ALLOW SELECTED
Some features need cookies to work properly. Cookies also let us (a) remember your preferences, (b) collect anonymous usage statistics, and (c) see how well our online ads are working.
No personal data is stored on these cookies but, under EU law, we still need to ask you this every 6 months. To learn more about our use of cookies, view our Privacy Policy. Some features need cookies to work properly. Cookies also let us (a) remember your preferences, (b) collect anonymous usage statistics, and (c) see how well our online ads are working. No personal data is stored on these cookies but, under EU law, we still need to ask you this every 6 months. To learn more about our use of cookies, view our Privacy Policy.",0,FALSE,FALSE,FALSE,[],1,0,FALSE,FALSE
https://www.ul.ie/,2025-06-22T14:59:40.786364,Partial (Interaction Failed),Cookiebot,TRUE,FALSE,FALSE,FALSE,,FALSE,0,6,0,[],0,['No buttons found in banner.'],,0,FALSE,FALSE,FALSE,[],4,0,FALSE,FALSE
https://www.maynoothuniversity.ie/,2025-06-22T14:59:52.743686,Partial (Interaction Failed),Onetrust,TRUE,FALSE,FALSE,FALSE,,FALSE,0,6,0,[],0,['No buttons found in banner.'],,0,FALSE,FALSE,FALSE,[],4,0,FALSE,FALSE
https://www.tudublin.ie/,2025-06-22T15:00:05.933313,Partial (Interaction Failed),Onetrust,TRUE,TRUE,FALSE,FALSE,,FALSE,0,0,0,[],0,['No button with positive settings keywords found.'],,0,FALSE,FALSE,FALSE,[],0,0,FALSE,FALSE
https://www.supervalu.ie/,2025-06-22T15:00:13.432516,Partial (Interaction Failed),Onetrust,TRUE,TRUE,TRUE,FALSE,,FALSE,0,0,0,[],0,['No button with positive settings keywords found.'],,0,FALSE,FALSE,FALSE,[],1,0,FALSE,FALSE
https://www.tesco.ie/,2025-06-22T15:00:20.063101,Partial (Interaction Failed),Trustarc,TRUE,TRUE,TRUE,FALSE,,FALSE,0,0,0,[],0,['No button with positive settings keywords found.'],"We use cookies to improve your experience on our website. Please let us know your preferences.
Want to know more? Check out our cookies policy. Manage cookies. Want to know more? Check out our cookies policy. Manage cookies.",0,FALSE,FALSE,FALSE,[],1,0,FALSE,FALSE
https://www.lidl.ie/,2025-06-22T15:00:34.535584,Success,Onetrust,TRUE,TRUE,TRUE,TRUE,CUSTOMISE,TRUE,13,0,0,"[{""title"": ""Show more"", ""is_strictly_necessary"": false, ""is_ticked_by_default"": null}, {""title"": ""Contact us"", ""is_strictly_necessary"": false, ""is_ticked_by_default"": null}, {""title"": ""Necessary"", ""is_strictly_necessary"": false, ""is_ticked_by_default"": null}, {""title"": ""Preferences"", ""is_strictly_necessary"": false, ""is_ticked_by_default"": false}, {""title"": ""Preferences"", ""is_strictly_necessary"": false, ""is_ticked_by_default"": null}, {""title"": ""Statistics"", ""is_strictly_necessary"": false, ""is_ticked_by_default"": false}, {""title"": ""Statistics"", ""is_strictly_necessary"": false, ""is_ticked_by_default"": null}, {""title"": ""Marketing"", ""is_strictly_necessary"": false, ""is_ticked_by_default"": false}, {""title"": ""Marketing"", ""is_strictly_necessary"": false, ""is_ticked_by_default"": null}, {""title"": ""checkbox label"", ""is_strictly_necessary"": false, ""is_ticked_by_default"": null}, {""title"": ""checkbox label"", ""is_strictly_necessary"": false, ""is_ticked_by_default"": null}, {""title"": ""checkbox label"", ""is_strictly_necessary"": false, ""is_ticked_by_default"": null}, {""title"": ""checkbox label"", ""is_strictly_necessary"": false, ""is_ticked_by_default"": null}]",0.58,[],,0,FALSE,FALSE,FALSE,"['dpv:Unknown', 'dpv:Marketing', 'dpv:ServiceProvision', 'dpv:Analytics']",1,0,TRUE,FALSE
https://www.aldi.ie/,2025-06-22T15:00:47.855157,Partial (Interaction Failed),Onetrust,TRUE,TRUE,TRUE,FALSE,,FALSE,0,0,0,[],0,['No button with positive settings keywords found.'],,0,FALSE,FALSE,FALSE,[],1,0,FALSE,FALSE
https://www.dunnesstores.com/,2025-06-22T15:00:54.314855,Partial (Interaction Failed),Onetrust,TRUE,TRUE,FALSE,FALSE,,FALSE,0,0,0,[],0,['No button with positive settings keywords found.'],"By clicking “Accept All Cookies”, you agree to the storing of cookies on your device to enhance site navigation, analyse site usage, and assist in our marketing efforts.Cookie Policy",0,FALSE,FALSE,FALSE,[],3,0,FALSE,FALSE
https://www.brownthomas.com/,2025-06-22T15:01:02.288006,Success,Onetrust,TRUE,TRUE,FALSE,TRUE,Set My Preferences,TRUE,15,0,1,"[{""title"": ""Close"", ""is_strictly_necessary"": false, ""is_ticked_by_default"": null}, {""title"": ""Close"", ""is_strictly_necessary"": false, ""is_ticked_by_default"": null}, {""title"": ""View all brands available in our Dublin store."", ""is_strictly_necessary"": false, ""is_ticked_by_default"": null}, {""title"": ""View all brands available in our Dublin store."", ""is_strictly_necessary"": false, ""is_ticked_by_default"": null}, {""title"": ""Strictly Necessary Cookies"", ""is_strictly_necessary"": true, ""is_ticked_by_default"": null}, {""title"": ""Performance Cookies"", ""is_strictly_necessary"": false, ""is_ticked_by_default"": false}, {""title"": ""Performance Cookies"", ""is_strictly_necessary"": false, ""is_ticked_by_default"": null}, {""title"": ""Functional Cookies"", ""is_strictly_necessary"": false, ""is_ticked_by_default"": false}, {""title"": ""Functional Cookies"", ""is_strictly_necessary"": false, ""is_ticked_by_default"": null}, {""title"": ""Targeting Cookies"", ""is_strictly_necessary"": false, ""is_ticked_by_default"": false}, {""title"": ""Targeting Cookies"", ""is_strictly_necessary"": false, ""is_ticked_by_default"": null}, {""title"": ""checkbox label"", ""is_strictly_necessary"": false, ""is_ticked_by_default"": null}, {""title"": ""checkbox label"", ""is_strictly_necessary"": false, ""is_ticked_by_default"": null}, {""title"": ""checkbox label"", ""is_strictly_necessary"": false, ""is_ticked_by_default"": null}, {""title"": ""checkbox label"", ""is_strictly_necessary"": false, ""is_ticked_by_default"": null}]",0.48,[],"We use cookies to enhance your shopping experience, improve site performance and to deliver personalised advertising across our marketing channels. Manage your settings in 'Set My Preferences' or learn more on ourPrivacy and Cookie Policy",0,FALSE,FALSE,FALSE,"['dpv:Unknown', 'dpv:Marketing', 'dpv:ServiceProvision', 'dpv:Analytics']",1,0.2900303571428572,TRUE,FALSE
https://www.arnotts.ie/,2025-06-22T15:01:17.206925,Success,Onetrust,TRUE,TRUE,FALSE,TRUE,Set My Preferences,TRUE,20,0,1,"[{""title"": ""Close"", ""is_strictly_necessary"": false, ""is_ticked_by_default"": null}, {""title"": ""Close"", ""is_strictly_necessary"": false, ""is_ticked_by_default"": null}, {""title"": ""Follow Us"", ""is_strictly_necessary"": false, ""is_ticked_by_default"": null}, {""title"": ""Women"", ""is_strictly_necessary"": false, ""is_ticked_by_default"": null}, {""title"": ""Women"", ""is_strictly_necessary"": false, ""is_ticked_by_default"": null}, {""title"": ""Electrical Offers"", ""is_strictly_necessary"": false, ""is_ticked_by_default"": null}, {""title"": ""New In"", ""is_strictly_necessary"": false, ""is_ticked_by_default"": null}, {""title"": ""Gift Cards"", ""is_strictly_necessary"": false, ""is_ticked_by_default"": null}, {""title"": ""BOLD & BLUSHED"", ""is_strictly_necessary"": false, ""is_ticked_by_default"": null}, {""title"": ""Strictly Necessary Cookies"", ""is_strictly_necessary"": true, ""is_ticked_by_default"": null}, {""title"": ""Performance Cookies"", ""is_strictly_necessary"": false, ""is_ticked_by_default"": false}, {""title"": ""Performance Cookies"", ""is_strictly_necessary"": false, ""is_ticked_by_default"": null}, {""title"": ""Functional Cookies"", ""is_strictly_necessary"": false, ""is_ticked_by_default"": false}, {""title"": ""Functional Cookies"", ""is_strictly_necessary"": false, ""is_ticked_by_default"": null}, {""title"": ""Targeting Cookies"", ""is_strictly_necessary"": false, ""is_ticked_by_default"": false}, {""title"": ""Targeting Cookies"", ""is_strictly_necessary"": false, ""is_ticked_by_default"": null}, {""title"": ""checkbox label"", ""is_strictly_necessary"": false, ""is_ticked_by_default"": null}, {""title"": ""checkbox label"", ""is_strictly_necessary"": false, ""is_ticked_by_default"": null}, {""title"": ""checkbox label"", ""is_strictly_necessary"": false, ""is_ticked_by_default"": null}, {""title"": ""checkbox label"", ""is_strictly_necessary"": false, ""is_ticked_by_default"": null}]",0.48,[],"We use cookies to enhance your shopping experience, improve site performance and to deliver personalised advertising across our marketing channels. Manage your settings in 'Set My Preferences' or learn more on ourPrivacy and Cookie Policy",0,FALSE,FALSE,FALSE,"['dpv:Unknown', 'dpv:Marketing', 'dpv:ServiceProvision', 'dpv:Analytics']",1,0.2900303571428572,TRUE,FALSE
https://www.elverys.ie/,2025-06-22T15:01:32.324679,Partial (Interaction Failed),Onetrust,TRUE,TRUE,TRUE,FALSE,,FALSE,0,0,0,[],0,['No button with positive settings keywords found.'],,0,FALSE,FALSE,FALSE,[],1,0,FALSE,FALSE
https://www.lifestylesports.com/ie/,2025-06-22T15:01:52.270401,Partial (Interaction Failed),Onetrust,TRUE,TRUE,FALSE,FALSE,,FALSE,0,0,0,[],0,['No button with positive settings keywords found.'],"We use cookies to give you the best experience on LifeStyleSports.com, measure how the site is used, give you a personalised shopping experience and personalise the Life Style Sports adverts you see on other websites.Cookie Policy",0,FALSE,FALSE,FALSE,[],1,0,FALSE,FALSE
https://www.musgrave.ie/,2025-06-22T15:02:00.750795,Partial (Interaction Failed),Onetrust,TRUE,TRUE,TRUE,FALSE,,FALSE,0,0,0,[],0,['No button with positive settings keywords found.'],"We use cookies and similar technologies to help our websites and apps work properly and to personalise your experience. We and our partners may use information about your devices, your online interactions and you, to provide, analyse and improve our services. This may include personalising content or advertising for you. Click “Accept All” below to consent to the use of all of this technology and any associated processing of your personal data for these purposes. Click “Cookie Settings” to select which cookies to consent to. You can change your mind and change your consent choices at any time by clicking “Cookie Settings” or by returning to this site. See our Cookie Policy for more informationCookie Policy",0,FALSE,FALSE,FALSE,[],1,0,FALSE,FALSE
https://www.carphonewarehouse.ie/,2025-06-22T15:02:10.290870,Failed,None,FALSE,FALSE,FALSE,FALSE,,FALSE,0,0,0,[],0,['Critical error: WebDriverException'],,0,FALSE,FALSE,FALSE,[],0,0,FALSE,FALSE
https://www.currys.ie/,2025-06-22T15:02:53.725910,Success,Onetrust,TRUE,TRUE,FALSE,TRUE,Customise,TRUE,19,0,2,"[{""title"": ""Your Privacy"", ""is_strictly_necessary"": false, ""is_ticked_by_default"": null}, {""title"": ""Essential"", ""is_strictly_necessary"": true, ""is_ticked_by_default"": null}, {""title"": ""Essential"", ""is_strictly_necessary"": true, ""is_ticked_by_default"": null}, {""title"": ""First Party Performance Cookies"", ""is_strictly_necessary"": false, ""is_ticked_by_default"": null}, {""title"": ""First Party Performance Cookies"", ""is_strictly_necessary"": false, ""is_ticked_by_default"": null}, {""title"": ""Analytics"", ""is_strictly_necessary"": false, ""is_ticked_by_default"": null}, {""title"": ""Analytics"", ""is_strictly_necessary"": false, ""is_ticked_by_default"": null}, {""title"": ""Functional Cookies"", ""is_strictly_necessary"": false, ""is_ticked_by_default"": null}, {""title"": ""Functional Cookies"", ""is_strictly_necessary"": false, ""is_ticked_by_default"": null}, {""title"": ""Marketing Cookies"", ""is_strictly_necessary"": false, ""is_ticked_by_default"": null}, {""title"": ""Marketing Cookies"", ""is_strictly_necessary"": false, ""is_ticked_by_default"": null}, {""title"": ""First Party Performance Cookies"", ""is_strictly_necessary"": false, ""is_ticked_by_default"": null}, {""title"": ""Analytics"", ""is_strictly_necessary"": false, ""is_ticked_by_default"": null}, {""title"": ""Functional Cookies"", ""is_strictly_necessary"": false, ""is_ticked_by_default"": null}, {""title"": ""Marketing Cookies"", ""is_strictly_necessary"": false, ""is_ticked_by_default"": null}, {""title"": ""checkbox label"", ""is_strictly_necessary"": false, ""is_ticked_by_default"": null}, {""title"": ""checkbox label"", ""is_strictly_necessary"": false, ""is_ticked_by_default"": null}, {""title"": ""checkbox label"", ""is_strictly_necessary"": false, ""is_ticked_by_default"": null}, {""title"": ""checkbox label"", ""is_strictly_necessary"": false, ""is_ticked_by_default"": null}]",0.45999999999999996,[],,0,FALSE,FALSE,FALSE,"['dpv:Unknown', 'dpv:Marketing', 'dpv:ServiceProvision', 'dpv:Analytics']",2,0,TRUE,FALSE
https://www.harveynorman.ie/,2025-06-22T15:03:53.426980,Partial (Interaction Failed),Onetrust,TRUE,TRUE,TRUE,FALSE,,FALSE,0,0,0,[],0,['No button with positive settings keywords found.'],"Here at Harvey Norman we use cookies to provide you with the best possible experience on our website. By clicking ""Accept All Cookies"", you agree to the storing of cookies on your device to enhance site navigation, analyze site usage, and assist in our marketing efforts. Privacy & Cookie Policy",0,FALSE,FALSE,FALSE,[],0,0,FALSE,FALSE
https://www.donegalcoco.ie/,2025-06-22T15:04:02.865768,Partial (Interaction Failed),Cookiebot,TRUE,TRUE,FALSE,FALSE,,FALSE,0,6,0,[],0,['No button with positive settings keywords found.'],,0,FALSE,FALSE,FALSE,[],4,0,FALSE,FALSE
https://www.corkcity.ie/,2025-06-22T15:04:46.959888,Partial (Interaction Failed),Cookiebot,TRUE,FALSE,FALSE,FALSE,,FALSE,0,6,0,[],0,['No buttons found in banner.'],,0,FALSE,FALSE,FALSE,[],4,0,FALSE,FALSE
https://www.welfare.ie/,2025-06-22T15:05:03.003825,Partial (Interaction Failed),Didomi,TRUE,TRUE,FALSE,FALSE,,FALSE,0,0,0,[],0,['No button with positive settings keywords found.'],This website uses cookies to collect information about how you use this site. This information is used to make the website work as well as possible. More details available in our cookie and privacy policies.,0,FALSE,FALSE,FALSE,[],3,0,FALSE,FALSE
https://www.spunout.ie/,2025-06-22T15:05:15.494005,Partial (Interaction Failed),Cookiebot,TRUE,FALSE,FALSE,FALSE,,FALSE,0,6,0,[],0,['No buttons found in banner.'],,0,FALSE,FALSE,FALSE,[],4,0,FALSE,FALSE
