url,status,total_purposes_count,purposes_json,error_log
https://eu.puma.com/ie/en/home,Partial - No Settings Button,0,[],['No interactive settings button found.']
https://www.adobe.com/ie/,Partial - No Settings Button,0,[],['No interactive settings button found.']
https://www2.hm.com/en_ie/index.html,Partial - No Settings Button,0,[],['No interactive settings button found.']
https://www.rte.ie/,Success,14,"[{""title"": ""Performance Cookies"", ""is_strictly_necessary"": false, ""is_ticked_by_default"": false}, {""title"": ""Functional Cookies"", ""is_strictly_necessary"": false, ""is_ticked_by_default"": false}, {""title"": ""Targeting Cookies and Third-Party Embeds"", ""is_strictly_necessary"": false, ""is_ticked_by_default"": false}, {""title"": ""Store and/or access information on a device17 partners can use this purpose"", ""is_strictly_necessary"": false, ""is_ticked_by_default"": false}, {""title"": ""Develop and improve services17 partners can use this purpose"", ""is_strictly_necessary"": false, ""is_ticked_by_default"": false}, {""title"": ""Measure content performance6 partners can use this purpose"", ""is_strictly_necessary"": false, ""is_ticked_by_default"": false}, {""title"": ""Understand audiences through statistics or combinations of data from different sources11 partners can use this purpose"", ""is_strictly_necessary"": false, ""is_ticked_by_default"": false}, {""title"": ""Use limited data to select advertising17 partners can use this purpose"", ""is_strictly_necessary"": false, ""is_ticked_by_default"": false}, {""title"": ""Create profiles for personalised advertising14 partners can use this purpose"", ""is_strictly_necessary"": false, ""is_ticked_by_default"": false}, {""title"": ""Use profiles to select personalised advertising13 partners can use this purpose"", ""is_strictly_necessary"": false, ""is_ticked_by_default"": false}, {""title"": ""Create profiles to personalise content3 partners can use this purpose"", ""is_strictly_necessary"": false, ""is_ticked_by_default"": false}, {""title"": ""Use profiles to select personalised content3 partners can use this purpose"", ""is_strictly_necessary"": false, ""is_ticked_by_default"": false}, {""title"": ""Measure advertising performance20 partners can use this purpose"", ""is_strictly_necessary"": false, ""is_ticked_by_default"": false}, {""title"": ""Use precise geolocation data7 partners can use this special feature"", ""is_strictly_necessary"": false, ""is_ticked_by_default"": false}]",[]
https://www.did.ie/,Partial - No Settings Button,0,[],['No interactive settings button found.']
https://www.amazon.ie/,Partial - No Settings Button,0,[],['No interactive settings button found.']
https://www.zalando.ie/,Partial - No Settings Button,0,[],['No interactive settings button found.']
https://deliveroo.ie/,Success,3,"[{""title"": ""Analytics Cookies"", ""is_strictly_necessary"": false, ""is_ticked_by_default"": false}, {""title"": ""Functional Cookies"", ""is_strictly_necessary"": false, ""is_ticked_by_default"": false}, {""title"": ""Advertising Cookies"", ""is_strictly_necessary"": false, ""is_ticked_by_default"": false}]",[]
https://www.irishtimes.com/,Success,10,"[{""title"": ""Functional Cookies"", ""is_strictly_necessary"": false, ""is_ticked_by_default"": false}, {""title"": ""Performance Cookies"", ""is_strictly_necessary"": false, ""is_ticked_by_default"": false}, {""title"": ""Targeting Cookies"", ""is_strictly_necessary"": false, ""is_ticked_by_default"": false}, {""title"": ""Social Media Cookies"", ""is_strictly_necessary"": false, ""is_ticked_by_default"": false}, {""title"": ""IAB Features"", ""is_strictly_necessary"": false, ""is_ticked_by_default"": false}, {""title"": ""IAB Special Purposes"", ""is_strictly_necessary"": false, ""is_ticked_by_default"": false}, {""title"": ""Personalised advertising and content, advertising and content measurement, audience research and services development77 partners can use this purpose"", ""is_strictly_necessary"": false, ""is_ticked_by_default"": false}, {""title"": ""Store and/or access information on a device68 partners can use this purpose"", ""is_strictly_necessary"": false, ""is_ticked_by_default"": false}, {""title"": ""Use precise geolocation data29 partners can use this purpose"", ""is_strictly_necessary"": false, ""is_ticked_by_default"": false}, {""title"": ""Actively scan device characteristics for identification11 partners can use this purpose"", ""is_strictly_necessary"": false, ""is_ticked_by_default"": false}]",[]
https://www.independent.ie/,Partial - No Settings Button,0,[],['No interactive settings button found.']
https://www.breakingnews.ie/,Success,8,"[{""title"": ""Functional Cookies"", ""is_strictly_necessary"": false, ""is_ticked_by_default"": false}, {""title"": ""Performance Cookies"", ""is_strictly_necessary"": false, ""is_ticked_by_default"": false}, {""title"": ""Targeting Cookies"", ""is_strictly_necessary"": false, ""is_ticked_by_default"": false}, {""title"": ""Social Media Cookies"", ""is_strictly_necessary"": false, ""is_ticked_by_default"": false}, {""title"": ""Personalised advertising and content, advertising and content measurement, audience research and services development75 partners can use this purpose"", ""is_strictly_necessary"": false, ""is_ticked_by_default"": false}, {""title"": ""Store and/or access information on a device66 partners can use this purpose"", ""is_strictly_necessary"": false, ""is_ticked_by_default"": false}, {""title"": ""Use precise geolocation data27 partners can use this purpose"", ""is_strictly_necessary"": false, ""is_ticked_by_default"": false}, {""title"": ""Actively scan device characteristics for identification10 partners can use this purpose"", ""is_strictly_necessary"": false, ""is_ticked_by_default"": false}]",[]
https://www.joe.ie/,Partial - No Settings Button,0,[],['No interactive settings button found.']
https://www.her.ie/,Partial - No Settings Button,0,[],['No interactive settings button found.']
https://www.thejournal.ie/,Success,9,"[{""title"": ""Social Media Cookies"", ""is_strictly_necessary"": false, ""is_ticked_by_default"": false}, {""title"": ""Targeting Cookies"", ""is_strictly_necessary"": false, ""is_ticked_by_default"": false}, {""title"": ""Functional Cookies"", ""is_strictly_necessary"": false, ""is_ticked_by_default"": false}, {""title"": ""Performance Cookies"", ""is_strictly_necessary"": false, ""is_ticked_by_default"": false}, {""title"": ""Store and/or access information on a device137 partners can use this purpose"", ""is_strictly_necessary"": false, ""is_ticked_by_default"": false}, {""title"": ""Personalised advertising and content, advertising and content measurement, audience research and services development178 partners can use this purpose"", ""is_strictly_necessary"": false, ""is_ticked_by_default"": false}, {""title"": ""Use precise geolocation data60 partners can use this special feature"", ""is_strictly_necessary"": false, ""is_ticked_by_default"": false}, {""title"": ""Actively scan device characteristics for identification30 partners can use this special feature"", ""is_strictly_necessary"": false, ""is_ticked_by_default"": false}, {""title"": ""Custom Vendors"", ""is_strictly_necessary"": false, ""is_ticked_by_default"": false}]",[]
https://www.rsvplive.ie/,Partial - No Settings Button,0,[],['No interactive settings button found.']
https://www.eir.ie/,Partial - No Settings Button,0,[],['No interactive settings button found.']
https://www.aerlingus.com/,Success,4,"[{""title"": ""First Party Performance Cookies"", ""is_strictly_necessary"": false, ""is_ticked_by_default"": false}, {""title"": ""Performance Cookies"", ""is_strictly_necessary"": false, ""is_ticked_by_default"": false}, {""title"": ""Functional Cookies"", ""is_strictly_necessary"": false, ""is_ticked_by_default"": false}, {""title"": ""Targeting Cookies"", ""is_strictly_necessary"": false, ""is_ticked_by_default"": false}]",[]
https://www.ryanair.com/ie/en,Failed,0,[],['Attempt 3: TimeoutException']
https://www.buseireann.ie/,Success,3,"[{""title"": ""Functional Cookies"", ""is_strictly_necessary"": false, ""is_ticked_by_default"": false}, {""title"": ""Performance Cookies"", ""is_strictly_necessary"": false, ""is_ticked_by_default"": false}, {""title"": ""Targeting Cookies"", ""is_strictly_necessary"": false, ""is_ticked_by_default"": false}]",[]
https://www.irishrail.ie/,Partial - No Settings Button,0,[],['No interactive settings button found.']
https://www.dublinbus.ie/,Partial - No Settings Button,0,[],['No interactive settings button found.']
https://www.luas.ie/,Partial - No Settings Button,0,[],['No interactive settings button found.']
https://www.revenue.ie/,Failed,0,[],['Attempt 3: TimeoutException']
https://www.gov.ie/,Partial - No Settings Button,0,[],['No interactive settings button found.']
https://www.citizensinformation.ie/,Partial - No Settings Button,0,[],['No interactive settings button found.']
https://www.hse.ie/,Success,3,"[{""title"": ""Analytical Cookies"", ""is_strictly_necessary"": false, ""is_ticked_by_default"": false}, {""title"": ""Functional Cookies"", ""is_strictly_necessary"": false, ""is_ticked_by_default"": false}, {""title"": ""YouTube Cookies"", ""is_strictly_necessary"": false, ""is_ticked_by_default"": false}]",[]
https://www.bonkers.ie/,Success,3,"[{""title"": ""Functional Cookies"", ""is_strictly_necessary"": false, ""is_ticked_by_default"": false}, {""title"": ""Performance Cookies"", ""is_strictly_necessary"": false, ""is_ticked_by_default"": false}, {""title"": ""Targeting Cookies"", ""is_strictly_necessary"": false, ""is_ticked_by_default"": false}]",[]
https://www.bordgaisenergy.ie/,Success,3,"[{""title"": ""First Party Analytical Cookies"", ""is_strictly_necessary"": false, ""is_ticked_by_default"": true}, {""title"": ""Functional Cookies"", ""is_strictly_necessary"": false, ""is_ticked_by_default"": false}, {""title"": ""Targeting Cookies"", ""is_strictly_necessary"": false, ""is_ticked_by_default"": false}]",[]
https://www.electricireland.ie/,Partial - No Settings Button,0,[],['No interactive settings button found.']
https://www.bankofireland.com/,Partial - No Settings Button,0,[],['No interactive settings button found.']
https://www.aib.ie/,Partial - No Settings Button,0,[],['No interactive settings button found.']
https://www.permanenttsb.ie/,Partial - No Settings Button,0,[],['No interactive settings button found.']
https://www.ulsterbank.ie/,Success,4,"[{""title"": ""Customer Experience"", ""is_strictly_necessary"": false, ""is_ticked_by_default"": false}, {""title"": ""Functional Cookies"", ""is_strictly_necessary"": false, ""is_ticked_by_default"": false}, {""title"": ""Performance Cookies"", ""is_strictly_necessary"": false, ""is_ticked_by_default"": false}, {""title"": ""Targeting Cookies"", ""is_strictly_necessary"": false, ""is_ticked_by_default"": false}]",[]
https://www.creditunion.ie/,Partial - No Settings Button,0,[],['No interactive settings button found.']
https://www.dcu.ie/,Partial - No Settings Button,0,[],['No interactive settings button found.']
https://www.tcd.ie/,Success,3,"[{""title"": ""Performance Cookies"", ""is_strictly_necessary"": false, ""is_ticked_by_default"": false}, {""title"": ""Advertising and Marketing Cookies"", ""is_strictly_necessary"": false, ""is_ticked_by_default"": false}, {""title"": ""Functional Cookies"", ""is_strictly_necessary"": false, ""is_ticked_by_default"": false}]",[]
https://www.ucc.ie/,Partial - No Settings Button,0,[],['No interactive settings button found.']
https://www.nuigalway.ie/,Failed,0,[],['Attempt 3: TimeoutException']
https://www.ul.ie/,Partial - No Settings Button,0,[],['No interactive settings button found.']
https://www.maynoothuniversity.ie/,Partial - No Settings Button,0,[],['No interactive settings button found.']
https://www.tudublin.ie/,Partial - No Settings Button,0,[],['No interactive settings button found.']
https://www.supervalu.ie/,Success,3,"[{""title"": ""Performance Cookies"", ""is_strictly_necessary"": false, ""is_ticked_by_default"": false}, {""title"": ""Functional Cookies"", ""is_strictly_necessary"": false, ""is_ticked_by_default"": false}, {""title"": ""Targeting Cookies"", ""is_strictly_necessary"": false, ""is_ticked_by_default"": false}]",[]
https://www.tesco.ie/,Failed,0,[],['Attempt 3: TimeoutException']
https://www.lidl.ie/,Success,3,"[{""title"": ""Preferences"", ""is_strictly_necessary"": false, ""is_ticked_by_default"": false}, {""title"": ""Statistics"", ""is_strictly_necessary"": false, ""is_ticked_by_default"": false}, {""title"": ""Marketing"", ""is_strictly_necessary"": false, ""is_ticked_by_default"": false}]",[]
https://www.aldi.ie/,Success,3,"[{""title"": ""Performance Cookies"", ""is_strictly_necessary"": false, ""is_ticked_by_default"": false}, {""title"": ""Functional Cookies"", ""is_strictly_necessary"": false, ""is_ticked_by_default"": false}, {""title"": ""Marketing Cookies"", ""is_strictly_necessary"": false, ""is_ticked_by_default"": false}]",[]
https://www.dunnesstores.com/,Success,3,"[{""title"": ""Performance Cookies"", ""is_strictly_necessary"": false, ""is_ticked_by_default"": false}, {""title"": ""Functional Cookies"", ""is_strictly_necessary"": false, ""is_ticked_by_default"": false}, {""title"": ""Targeting Cookies"", ""is_strictly_necessary"": false, ""is_ticked_by_default"": false}]",[]
https://www.brownthomas.com/,Success,3,"[{""title"": ""Performance Cookies"", ""is_strictly_necessary"": false, ""is_ticked_by_default"": false}, {""title"": ""Functional Cookies"", ""is_strictly_necessary"": false, ""is_ticked_by_default"": false}, {""title"": ""Targeting Cookies"", ""is_strictly_necessary"": false, ""is_ticked_by_default"": false}]",[]
https://www.arnotts.ie/,Success,3,"[{""title"": ""Performance Cookies"", ""is_strictly_necessary"": false, ""is_ticked_by_default"": false}, {""title"": ""Functional Cookies"", ""is_strictly_necessary"": false, ""is_ticked_by_default"": false}, {""title"": ""Targeting Cookies"", ""is_strictly_necessary"": false, ""is_ticked_by_default"": false}]",[]
https://www.elverys.ie/,Success,3,"[{""title"": ""Performance Cookies"", ""is_strictly_necessary"": false, ""is_ticked_by_default"": false}, {""title"": ""Functional Cookies"", ""is_strictly_necessary"": false, ""is_ticked_by_default"": false}, {""title"": ""Targeting Cookies"", ""is_strictly_necessary"": false, ""is_ticked_by_default"": false}]",[]
https://www.lifestylesports.com/ie/,Partial - No Settings Button,0,[],['No interactive settings button found.']
https://www.musgrave.ie/,Success,3,"[{""title"": ""Performance Cookies"", ""is_strictly_necessary"": false, ""is_ticked_by_default"": false}, {""title"": ""Functional Cookies"", ""is_strictly_necessary"": false, ""is_ticked_by_default"": false}, {""title"": ""Targeting Cookies"", ""is_strictly_necessary"": false, ""is_ticked_by_default"": false}]",[]
https://www.carphonewarehouse.ie/,Failed,0,[],['Attempt 3: WebDriverException']
https://www.currys.ie/,Partial - No Settings Button,0,[],['No interactive settings button found.']
https://www.harveynorman.ie/,Partial - No Settings Button,0,[],['No interactive settings button found.']
https://www.donegalcoco.ie/,Partial - No Settings Button,0,[],['No interactive settings button found.']
https://www.corkcity.ie/,Partial - No Settings Button,0,[],['No interactive settings button found.']
https://www.welfare.ie/,Partial - No Settings Button,0,[],['No interactive settings button found.']
https://www.spunout.ie/,Partial - No Settings Button,0,[],['No interactive settings button found.']
