url,timestamp,status,accept_all_present,reject_all_present,settings_button_present,settings_button_text,preference_center_accessed,total_purposes_count,pre_ticked_non_essential_count,strictly_necessary_count,purposes_json,vendor_count,legal_text_summary,error_log
https://eu.puma.com/ie/en/home,2025-06-16T23:30:17.989987,Success,TRUE,TRUE,TRUE,cookies settings,TRUE,9,0,1,"[{""title"": ""Strictly Necessary Cookies"", ""is_strictly_necessary"": true, ""is_ticked_by_default"": false}, {""title"": ""Performance Cookies"", ""is_strictly_necessary"": false, ""is_ticked_by_default"": false}, {""title"": ""Functional Cookies"", ""is_strictly_necessary"": false, ""is_ticked_by_default"": false}, {""title"": ""Social Media Cookies"", ""is_strictly_necessary"": false, ""is_ticked_by_default"": false}, {""title"": ""Targeting Cookies"", ""is_strictly_necessary"": false, ""is_ticked_by_default"": false}, {""title"": ""Other analysis methods for marketing purposes (website tags)"", ""is_strictly_necessary"": false, ""is_ticked_by_default"": false}, {""title"": ""Support\n\n\n\n\n\n\n\n\n\nSupport\n\n\n\n\n\n\n\n\n\n\n\nContact us\n\n\nFAQ\n\n\nCheck Gift Card balance\n\n\nPurchase a Gift Card\n\n\nCheck Order\n\n\nDelivery\n\n\nSize Guide\n\n\n\n\n\n\nReturn Policy\n\n\nPrivacy Policy\n\n\nTerms & Conditions\n\n\nPayment Methods\n\n\nRight of Withdrawal\n\n\nPromo Terms\n\n\nRefer A Friend\n\n\nBecome an Affiliate Partner\n\n\nDigital Services Act Information"", ""is_strictly_necessary"": false, ""is_ticked_by_default"": false}, {""title"": ""About PUMA\n\n\n\n\n\n\n\n\n\nAbout PUMA\n\n\n\n\n\n\n\n\n\n\n\nGO WILD\n\n\nCompany\n\n\nCorporate News\n\n\nPress Center\n\n\n\n\n\n\nInvestors\n\n\nSustainability\n\n\nCareers"", ""is_strictly_necessary"": false, ""is_ticked_by_default"": false}, {""title"": ""Title Not Found"", ""is_strictly_necessary"": false, ""is_ticked_by_default"": false}]",0,,[]
https://www.adobe.com/ie/,2025-06-16T23:30:24.474402,Success,TRUE,TRUE,TRUE,cookie settings,TRUE,10,1,0,"[{""title"": ""Operate the site and core services"", ""is_strictly_necessary"": false, ""is_ticked_by_default"": true}, {""title"": ""Title Not Found"", ""is_strictly_necessary"": false, ""is_ticked_by_default"": false}, {""title"": ""Measure performance"", ""is_strictly_necessary"": false, ""is_ticked_by_default"": false}, {""title"": ""Title Not Found"", ""is_strictly_necessary"": false, ""is_ticked_by_default"": false}, {""title"": ""Extend functionality"", ""is_strictly_necessary"": false, ""is_ticked_by_default"": false}, {""title"": ""Title Not Found"", ""is_strictly_necessary"": false, ""is_ticked_by_default"": false}, {""title"": ""Personalize advertising"", ""is_strictly_necessary"": false, ""is_ticked_by_default"": false}, {""title"": ""Title Not Found"", ""is_strictly_necessary"": false, ""is_ticked_by_default"": false}, {""title"": ""Information storage and access"", ""is_strictly_necessary"": false, ""is_ticked_by_default"": false}, {""title"": ""Information storage and access"", ""is_strictly_necessary"": false, ""is_ticked_by_default"": false}]",0,"Make It Your Own
Adobe and its vendors use cookies and similar technologies to improve your experience and measure your interactions with our websites, products and services. We also use them to provide you more relevant information in searches and in ads on this and other sites. If that’s okay, click “Enable all"". Clicking “Don’t enable” will set only cookies that are strictly necessary. You can also view our vendors and customize your choices by clicking ""Cookie Settings"". Adobe and its vendors use cookies and similar technologies to improve your experience and measure your interactions with our websites, products and services. We also use them to provide you more relevant information in searches and in ads on this and other sites. If that’s okay, click “Enable all"". Clicking “Don’t enable” will set only cookies that are strictly necessary. You can also view our vendors and customize your choices by clicking ""Cookie Settings"".",[]
https://www2.hm.com/en_ie/index.html,2025-06-16T23:30:45.190935,Partial,TRUE,TRUE,TRUE,cookie settings,TRUE,0,0,0,[],0,"We use first- and third-party cookies including other tracking technologies from third party publishers to give you the full functionality of our website, customize your user experience, perform analytics and deliver personalized advertising on our websites, apps and newsletters across internet and via social media platforms. For that purpose, we collect information about user, browsing patterns and device.

By clicking “Accept all cookies”, you accept and agree that we share this information with third parties, such as our advertising partners. By choosing ""Only required cookies"", optional cookies are blocked, limiting our delivery of tailored content and features. Click on “Cookie Settings” to customize your options. Visit our Cookie policy to learn more.

Cookie policy BEFORE YOU START SHOPPING
We use first- and third-party cookies including other tracking technologies from third party publishers to give you the full functionality of our website, customize your user experience, perform analytics and deliver personalized advertising on our websites, apps and newsletters across internet and via social media platforms. For that purpose, we collect information about user, browsing patterns and device.

By clicking “Accept all cookies”, you accept and agree that we share this information with third parties, such as our advertising partners. By choosing ""Only required cookies"", optional cookies are blocked, limiting our delivery of tailored content and features. Click on “Cookie Settings” to customize your options. Visit our Cookie policy to learn more.

Cookie policy",[]
https://www.rte.ie/,2025-06-16T23:31:00.451223,Success,TRUE,TRUE,TRUE,list of partners (vendors),TRUE,20,0,1,"[{""title"": ""Strictly Necessary Cookies"", ""is_strictly_necessary"": true, ""is_ticked_by_default"": false}, {""title"": ""Performance Cookies"", ""is_strictly_necessary"": false, ""is_ticked_by_default"": false}, {""title"": ""Functional Cookies"", ""is_strictly_necessary"": false, ""is_ticked_by_default"": false}, {""title"": ""Targeting Cookies and Third-Party Embeds"", ""is_strictly_necessary"": false, ""is_ticked_by_default"": false}, {""title"": ""Store and/or access information on a device 18 partners can use this purpose"", ""is_strictly_necessary"": false, ""is_ticked_by_default"": false}, {""title"": ""Develop and improve services 18 partners can use this purpose"", ""is_strictly_necessary"": false, ""is_ticked_by_default"": false}, {""title"": ""Measure content performance 7 partners can use this purpose"", ""is_strictly_necessary"": false, ""is_ticked_by_default"": false}, {""title"": ""Understand audiences through statistics or combinations of data from different sources 12 partners can use this purpose"", ""is_strictly_necessary"": false, ""is_ticked_by_default"": false}, {""title"": ""Use limited data to select advertising 18 partners can use this purpose"", ""is_strictly_necessary"": false, ""is_ticked_by_default"": false}, {""title"": ""Create profiles for personalised advertising 15 partners can use this purpose"", ""is_strictly_necessary"": false, ""is_ticked_by_default"": false}, {""title"": ""Use profiles to select personalised advertising 14 partners can use this purpose"", ""is_strictly_necessary"": false, ""is_ticked_by_default"": false}, {""title"": ""Create profiles to personalise content 4 partners can use this purpose"", ""is_strictly_necessary"": false, ""is_ticked_by_default"": false}, {""title"": ""Use profiles to select personalised content 4 partners can use this purpose"", ""is_strictly_necessary"": false, ""is_ticked_by_default"": false}, {""title"": ""Measure advertising performance 21 partners can use this purpose"", ""is_strictly_necessary"": false, ""is_ticked_by_default"": false}, {""title"": ""Use precise geolocation data 8 partners can use this special feature"", ""is_strictly_necessary"": false, ""is_ticked_by_default"": false}, {""title"": ""Ensure security, prevent and detect fraud, and fix errors 17 partners can use this special purpose"", ""is_strictly_necessary"": false, ""is_ticked_by_default"": false}, {""title"": ""Deliver and present advertising and content 18 partners can use this special purpose"", ""is_strictly_necessary"": false, ""is_ticked_by_default"": false}, {""title"": ""Match and combine data from other data sources 13 partners can use this feature"", ""is_strictly_necessary"": false, ""is_ticked_by_default"": false}, {""title"": ""Link different devices 14 partners can use this feature"", ""is_strictly_necessary"": false, ""is_ticked_by_default"": false}, {""title"": ""Identify devices based on information transmitted automatically 17 partners can use this feature"", ""is_strictly_necessary"": false, ""is_ticked_by_default"": false}]",0,"Use precise geolocation data. Actively scan device characteristics for identification. Store and/or access information on a device. Develop and improve services. Measure content performance. Understand audiences through statistics or combinations of data from different sources. Use limited data to select advertising. Create profiles for personalised advertising. Use profiles to select personalised advertising. Create profiles to personalise content. Use profiles to select personalised content. Measure advertising performance. Use limited data to select content.
List of Partners (vendors) We Care About Your Privacy
We and our 22 partners store and access personal data, like browsing data or unique identifiers, on your device. Selecting ""I Accept"" enables tracking technologies to support the purposes shown under ""we and our partners process data to provide,"" whereas selecting ""Reject All"" or withdrawing your consent will disable them. If trackers are disabled, some content and ads you see may not be as relevant to you. You can resurface this menu to change your choices or withdraw consent at any time by clicking the [""privacy preferences""] link on the bottom of the webpage [or the floating icon on the bottom-left of the webpage, if applicable]. Your choices will have effect within our Website. For more details, refer to our Privacy Policy.View our Cookie PolicyView our Privacy Policy
We and our partners process data to provide:
Use precise geolocation data. Actively scan device characteristics for identification. Store and/or access information on a device. Develop and improve services. Measure content performance. Understand audiences through statistics or combinations of data from different sources. Use limited data to select advertising. Create profiles for personalised advertising. Use profiles to select personalised advertising. Create profiles to personalise content. Use profiles to select personalised content. Measure advertising performance. Use limited data to select content.
List of Partners (vendors)",[]
https://www.did.ie/,2025-06-16T23:31:23.050000,Success,TRUE,TRUE,TRUE,deny,TRUE,7,0,0,"[{""title"": ""Title Not Found"", ""is_strictly_necessary"": false, ""is_ticked_by_default"": false}, {""title"": ""Title Not Found"", ""is_strictly_necessary"": false, ""is_ticked_by_default"": false}, {""title"": ""Title Not Found"", ""is_strictly_necessary"": false, ""is_ticked_by_default"": false}, {""title"": ""Title Not Found"", ""is_strictly_necessary"": false, ""is_ticked_by_default"": false}, {""title"": ""Title Not Found"", ""is_strictly_necessary"": false, ""is_ticked_by_default"": false}, {""title"": ""Title Not Found"", ""is_strictly_necessary"": false, ""is_ticked_by_default"": false}, {""title"": ""Title Not Found"", ""is_strictly_necessary"": false, ""is_ticked_by_default"": false}]",0,,[]
https://www.amazon.ie/,2025-06-16T23:31:35.069754,Partial,FALSE,FALSE,FALSE,,FALSE,0,0,0,[],0,,['No settings button found.']
https://www.zalando.ie/,2025-06-16T23:31:44.813758,Partial,FALSE,FALSE,FALSE,,FALSE,0,0,0,[],0,,['No settings button found.']
https://deliveroo.ie/,2025-06-16T23:31:54.669636,Success,TRUE,TRUE,TRUE,customise,TRUE,4,0,1,"[{""title"": ""Strictly Necessary Cookies"", ""is_strictly_necessary"": true, ""is_ticked_by_default"": false}, {""title"": ""Analytics Cookies"", ""is_strictly_necessary"": false, ""is_ticked_by_default"": false}, {""title"": ""Functional Cookies"", ""is_strictly_necessary"": false, ""is_ticked_by_default"": false}, {""title"": ""Advertising Cookies"", ""is_strictly_necessary"": false, ""is_ticked_by_default"": false}]",55,"Cookies
We and our partners use cookies and similar technologies to analyse traffic, tailor and improve our content and services (like showing you great restaurants and shops we’d think you’d like), serve relevant ads and measure their effectiveness on other apps and websites. To help make ads relevant we may also share your data with advertising partners. You can accept, reject or customise our use of such cookies for these purposes, or select ‘Cookies’ in our Sites footer at any time, to choose which cookies we can use. To learn more see our Cookie Policy. We and our partners use cookies and similar technologies to analyse traffic, tailor and improve our content and services (like showing you great restaurants and shops we’d think you’d like), serve relevant ads and measure their effectiveness on other apps and websites. To help make ads relevant we may also share your data with advertising partners. You can accept, reject or customise our use of such cookies for these purposes, or select ‘Cookies’ in our Sites footer at any time, to choose which cookies we can use. To learn more see our Cookie Policy.",[]
https://www.irishtimes.com/,2025-06-16T23:32:10.243983,Success,TRUE,TRUE,TRUE,manage settings,TRUE,11,0,1,"[{""title"": ""Strictly Necessary Cookies"", ""is_strictly_necessary"": true, ""is_ticked_by_default"": false}, {""title"": ""Functional Cookies"", ""is_strictly_necessary"": false, ""is_ticked_by_default"": false}, {""title"": ""Performance Cookies"", ""is_strictly_necessary"": false, ""is_ticked_by_default"": false}, {""title"": ""Targeting Cookies"", ""is_strictly_necessary"": false, ""is_ticked_by_default"": false}, {""title"": ""Social Media Cookies"", ""is_strictly_necessary"": false, ""is_ticked_by_default"": false}, {""title"": ""IAB Features"", ""is_strictly_necessary"": false, ""is_ticked_by_default"": false}, {""title"": ""IAB Special Purposes"", ""is_strictly_necessary"": false, ""is_ticked_by_default"": false}, {""title"": ""Personalised advertising and content, advertising and content measurement, audience research and services development 79 partners can use this purpose"", ""is_strictly_necessary"": false, ""is_ticked_by_default"": false}, {""title"": ""Store and/or access information on a device 70 partners can use this purpose"", ""is_strictly_necessary"": false, ""is_ticked_by_default"": false}, {""title"": ""Use precise geolocation data 30 partners can use this purpose"", ""is_strictly_necessary"": false, ""is_ticked_by_default"": false}, {""title"": ""Actively scan device characteristics for identification 11 partners can use this purpose"", ""is_strictly_necessary"": false, ""is_ticked_by_default"": false}]",16,"Use precise geolocation data. Actively scan device characteristics for identification. Store and/or access information on a device. Personalised advertising and content, advertising and content measurement, audience research and services development.
List of Partners (vendors) We value your privacy
We and our 80 partners store and access personal data, like browsing data or unique identifiers, on your device. Selecting I ACCEPT enables tracking technologies to support the purposes shown under we and our partners process data to provide. If trackers are disabled, some content and ads you see may not be as relevant to you. You can resurface this menu to change your choices or withdraw consent at any time by clicking the Cookie Settings link on the bottom of the webpage . Your choices will have effect within our Website. For more details, refer to our Privacy Policy.Cookie Policy
Certain vendors, once consent is provided by you to the storage of information on your device and/or to the access of information already stored on your device, use legitimate interest to further process your personal data.
We and our partners collect and use data
Use precise geolocation data. Actively scan device characteristics for identification. Store and/or access information on a device. Personalised advertising and content, advertising and content measurement, audience research and services development.
List of Partners (vendors)",[]
https://www.independent.ie/,2025-06-16T23:32:45.564246,Partial,TRUE,TRUE,TRUE,manage,TRUE,0,0,0,[],1619,"Mediahuis (‘we’) and partners use technologies such as cookies to store and access (personal) data – online identifiers (e.g., IP address, sign-in ID), non-precise location and information about your browser, operating system, device as well as insights into your use of this domain – on your device for the following purposes: If you allow such use, click ""Accept"". If you do not want to allow all purposes, select ""Manage"".You can manage your preferences and object to processing based on legitimate interest at any time in your privacy settings. We will share your privacy preferences – for which purposes and partners you provided consent - with our partners.",[]
https://www.breakingnews.ie/,2025-06-16T23:32:58.275973,Success,TRUE,TRUE,TRUE,manage my settings,TRUE,10,0,1,"[{""title"": ""Strictly Necessary Cookies"", ""is_strictly_necessary"": true, ""is_ticked_by_default"": false}, {""title"": ""Functional Cookies"", ""is_strictly_necessary"": false, ""is_ticked_by_default"": false}, {""title"": ""Performance Cookies"", ""is_strictly_necessary"": false, ""is_ticked_by_default"": false}, {""title"": ""Targeting Cookies"", ""is_strictly_necessary"": false, ""is_ticked_by_default"": false}, {""title"": ""Social Media Cookies"", ""is_strictly_necessary"": false, ""is_ticked_by_default"": false}, {""title"": ""Personalised advertising and content, advertising and content measurement, audience research and services development 77 partners can use this purpose"", ""is_strictly_necessary"": false, ""is_ticked_by_default"": false}, {""title"": ""Store and/or access information on a device 68 partners can use this purpose"", ""is_strictly_necessary"": false, ""is_ticked_by_default"": false}, {""title"": ""Use precise geolocation data 28 partners can use this purpose"", ""is_strictly_necessary"": false, ""is_ticked_by_default"": false}, {""title"": ""Actively scan device characteristics for identification 10 partners can use this purpose"", ""is_strictly_necessary"": false, ""is_ticked_by_default"": false}, {""title"": ""Save and communicate privacy choices 45 partners can use this purpose"", ""is_strictly_necessary"": false, ""is_ticked_by_default"": false}]",15,"Use precise geolocation data. Actively scan device characteristics for identification. Store and/or access information on a device. Personalised advertising and content, advertising and content measurement, audience research and services development.
List of Partners (vendors) We value your privacy
We and our 78 partners store and access personal data, like browsing data or unique identifiers, on your device. Selecting ""I Accept"" enables tracking technologies to support the purposes shown under ""we and our partners process data to provide,"" whereas selecting ""Reject All"" or withdrawing your consent will disable them. If trackers are disabled, some content and ads you see may not be as relevant to you. You can resurface this menu to change your choices or withdraw consent at any time by clicking the Cookie Settings link on the bottom of the webpage [or the floating icon on the bottom-left of the webpage, if applicable]. Your choices will have effect within our Website. For more details, refer to our Privacy Policy.Cookie Policy
Certain vendors, once consent is provided by you to the storage of information on your device and/or to the access of information already stored on your deceive, use legitimate interest to further process your personal data.
We and our partners collect and use data
Use precise geolocation data. Actively scan device characteristics for identification. Store and/or access information on a device. Personalised advertising and content, advertising and content measurement, audience research and services development.
List of Partners (vendors)",[]
https://www.joe.ie/,2025-06-16T23:33:14.958576,Partial,TRUE,TRUE,TRUE,more options,TRUE,0,0,0,[],0,Store and/or access information on a device (736 partners) Use limited data to select advertising (493 partners),[]
https://www.her.ie/,2025-06-16T23:33:33.871075,Partial,TRUE,TRUE,TRUE,more options,TRUE,0,0,0,[],0,Store and/or access information on a device (737 partners) Use limited data to select advertising (494 partners),[]
https://www.thejournal.ie/,2025-06-16T23:33:46.736480,Success,TRUE,TRUE,TRUE,cookies settings,TRUE,14,0,0,"[{""title"": ""Necessary Cookies"", ""is_strictly_necessary"": false, ""is_ticked_by_default"": false}, {""title"": ""Targeting Cookies"", ""is_strictly_necessary"": false, ""is_ticked_by_default"": false}, {""title"": ""Functional Cookies"", ""is_strictly_necessary"": false, ""is_ticked_by_default"": false}, {""title"": ""Performance Cookies"", ""is_strictly_necessary"": false, ""is_ticked_by_default"": false}, {""title"": ""Store and/or access information on a device 139 partners can use this purpose"", ""is_strictly_necessary"": false, ""is_ticked_by_default"": false}, {""title"": ""Personalised advertising and content, advertising and content measurement, audience research and services development 180 partners can use this purpose"", ""is_strictly_necessary"": false, ""is_ticked_by_default"": false}, {""title"": ""Use precise geolocation data 62 partners can use this special feature"", ""is_strictly_necessary"": false, ""is_ticked_by_default"": false}, {""title"": ""Actively scan device characteristics for identification 32 partners can use this special feature"", ""is_strictly_necessary"": false, ""is_ticked_by_default"": false}, {""title"": ""Ensure security, prevent and detect fraud, and fix errors 116 partners can use this special purpose"", ""is_strictly_necessary"": false, ""is_ticked_by_default"": false}, {""title"": ""Deliver and present advertising and content 118 partners can use this special purpose"", ""is_strictly_necessary"": false, ""is_ticked_by_default"": false}, {""title"": ""Match and combine data from other data sources 87 partners can use this feature"", ""is_strictly_necessary"": false, ""is_ticked_by_default"": false}, {""title"": ""Link different devices 65 partners can use this feature"", ""is_strictly_necessary"": false, ""is_ticked_by_default"": false}, {""title"": ""Identify devices based on information transmitted automatically 110 partners can use this feature"", ""is_strictly_necessary"": false, ""is_ticked_by_default"": false}, {""title"": ""Save and communicate privacy choices 93 partners can use this special purpose"", ""is_strictly_necessary"": false, ""is_ticked_by_default"": false}]",10,"Use precise geolocation data. Actively scan device characteristics for identification. Store and/or access information on a device. Personalised advertising and content, advertising and content measurement, audience research and services development.
List of Vendors Your Cookies. Your Choice.
Cookies help provide our news service while also enabling the advertising needed to fund this work. We categorise cookies as Necessary, Performance (used to analyse the site performance) and Targeting (used to target advertising which helps us keep this service free).
We and our 200 partners store and access personal data, like browsing data or unique identifiers, on your device. Selecting Accept All enables tracking technologies to support the purposes shown under we and our partners process data to provide. If trackers are disabled, some content and ads you see may not be as relevant to you. You can resurface this menu to change your choices or withdraw consent at any time by clicking the Cookie Preferences link on the bottom of the webpage .Your choices will have effect within our Website. For more details, refer to our Privacy Policy.
We and our vendors process data for the following purposes:
Use precise geolocation data. Actively scan device characteristics for identification. Store and/or access information on a device. Personalised advertising and content, advertising and content measurement, audience research and services development.
List of Vendors",[]
https://www.rsvplive.ie/,2025-06-16T23:34:01.218365,Partial,TRUE,TRUE,TRUE,more options,TRUE,0,0,0,[],0,Store and/or access information on a device (736 partners) Use limited data to select advertising (633 partners),[]
https://www.eir.ie/,2025-06-16T23:34:15.217839,Success,TRUE,TRUE,TRUE,cookies settings,TRUE,19,0,4,"[{""title"": ""Targeting Cookies"", ""is_strictly_necessary"": false, ""is_ticked_by_default"": false}, {""title"": ""Performance Cookies"", ""is_strictly_necessary"": false, ""is_ticked_by_default"": false}, {""title"": ""Strictly Necessary Cookies"", ""is_strictly_necessary"": true, ""is_ticked_by_default"": false}, {""title"": ""Functional Cookies"", ""is_strictly_necessary"": false, ""is_ticked_by_default"": false}, {""title"": ""Targeting Cookies"", ""is_strictly_necessary"": false, ""is_ticked_by_default"": false}, {""title"": ""Performance Cookies"", ""is_strictly_necessary"": false, ""is_ticked_by_default"": false}, {""title"": ""Strictly Necessary Cookies"", ""is_strictly_necessary"": true, ""is_ticked_by_default"": false}, {""title"": ""Functional Cookies"", ""is_strictly_necessary"": false, ""is_ticked_by_default"": false}, {""title"": ""Your Privacy"", ""is_strictly_necessary"": false, ""is_ticked_by_default"": false}, {""title"": ""Targeting Cookies"", ""is_strictly_necessary"": false, ""is_ticked_by_default"": false}, {""title"": ""Performance Cookies"", ""is_strictly_necessary"": false, ""is_ticked_by_default"": false}, {""title"": ""Strictly Necessary Cookies"", ""is_strictly_necessary"": true, ""is_ticked_by_default"": false}, {""title"": ""Functional Cookies"", ""is_strictly_necessary"": false, ""is_ticked_by_default"": false}, {""title"": ""Your Privacy"", ""is_strictly_necessary"": false, ""is_ticked_by_default"": false}, {""title"": ""Targeting Cookies"", ""is_strictly_necessary"": false, ""is_ticked_by_default"": false}, {""title"": ""Performance Cookies"", ""is_strictly_necessary"": false, ""is_ticked_by_default"": false}, {""title"": ""Strictly Necessary Cookies"", ""is_strictly_necessary"": true, ""is_ticked_by_default"": false}, {""title"": ""Functional Cookies"", ""is_strictly_necessary"": false, ""is_ticked_by_default"": false}, {""title"": ""Our Products"", ""is_strictly_necessary"": false, ""is_ticked_by_default"": false}]",0,"eir uses cookies for functionality, performance and marketing purposes. By clicking “Accept All”, you agree to the storing of cookies on your device to enhance your on-site experience and assist in our marketing efforts. We also use cookies to analyse aggregated site usage, which is retained only by eir. To find out more or to opt out of our analytics cookies, visit our Privacy Policy eir uses cookies for functionality, performance and marketing purposes. By clicking “Accept All”, you agree to the storing of cookies on your device to enhance your on-site experience and assist in our marketing efforts. We also use cookies to analyse aggregated site usage, which is retained only by eir. To find out more or to opt out of our analytics cookies, visit our Privacy Policy",[]
https://www.aerlingus.com/,2025-06-16T23:34:25.351650,Success,TRUE,TRUE,TRUE,manage cookies,TRUE,5,0,1,"[{""title"": ""Strictly Necessary"", ""is_strictly_necessary"": true, ""is_ticked_by_default"": false}, {""title"": ""First Party Performance Cookies"", ""is_strictly_necessary"": false, ""is_ticked_by_default"": false}, {""title"": ""Performance Cookies"", ""is_strictly_necessary"": false, ""is_ticked_by_default"": false}, {""title"": ""Functional Cookies"", ""is_strictly_necessary"": false, ""is_ticked_by_default"": false}, {""title"": ""Targeting Cookies"", ""is_strictly_necessary"": false, ""is_ticked_by_default"": false}]",0,"By clicking “Accept All Cookies”, you agree to the storing of cookies on your device which allows us to collect and use data to enhance your browsing experience, analyse traffic, and assist in our marketing efforts. We may also share data with our advertising and social media partners enabling more targeted and personalised advertising. 
For more information see privacy statement and cookie policy. By clicking “Accept All Cookies”, you agree to the storing of cookies on your device which allows us to collect and use data to enhance your browsing experience, analyse traffic, and assist in our marketing efforts. We may also share data with our advertising and social media partners enabling more targeted and personalised advertising. 
For more information see privacy statement and cookie policy.",[]
https://www.ryanair.com/ie/en,2025-06-16T23:34:41.860820,Partial,TRUE,TRUE,TRUE,view cookie settings,TRUE,0,0,0,[],31,,[]
https://www.buseireann.ie/,2025-06-16T23:34:48.934685,Success,TRUE,TRUE,TRUE,cookies settings,TRUE,4,0,1,"[{""title"": ""Strictly Necessary Cookies"", ""is_strictly_necessary"": true, ""is_ticked_by_default"": false}, {""title"": ""Functional Cookies"", ""is_strictly_necessary"": false, ""is_ticked_by_default"": false}, {""title"": ""Performance Cookies"", ""is_strictly_necessary"": false, ""is_ticked_by_default"": false}, {""title"": ""Targeting Cookies"", ""is_strictly_necessary"": false, ""is_ticked_by_default"": false}]",0,"Cookie Consent
By clicking “Accept All Cookies”, you agree to the storing of cookies on your device to enhance site navigation, analyze site usage, and assist in our marketing efforts. More Information By clicking “Accept All Cookies”, you agree to the storing of cookies on your device to enhance site navigation, analyze site usage, and assist in our marketing efforts. More Information",[]
https://www.irishrail.ie/,2025-06-16T23:35:02.945899,Partial,FALSE,FALSE,FALSE,,FALSE,0,0,0,[],0,,['No settings button found.']
https://www.dublinbus.ie/,2025-06-16T23:35:15.159058,Partial,TRUE,TRUE,FALSE,,FALSE,0,0,0,[],0,"This website uses cookies
We use cookies to personalise content and ads, to provide social media features and to analyse our traffic. We also share information about your use of our site with our social media, advertising and analytics partners who may combine it with other information that you’ve provided to them or that they’ve collected from your use of their services.
Show details










Allow all cookies
Use necessary cookies only This website uses cookies
We use cookies to personalise content and ads, to provide social media features and to analyse our traffic. We also share information about your use of our site with our social media, advertising and analytics partners who may combine it with other information that you’ve provided to them or that they’ve collected from your use of their services.
Show details",['No settings button found.']
https://www.luas.ie/,2025-06-16T23:35:23.809746,Success,TRUE,TRUE,TRUE,manage preferences,TRUE,7,0,2,"[{""title"": ""Strictly Necessary Cookies"", ""is_strictly_necessary"": true, ""is_ticked_by_default"": false}, {""title"": ""Analytical Cookies"", ""is_strictly_necessary"": false, ""is_ticked_by_default"": false}, {""title"": ""Functional Cookies"", ""is_strictly_necessary"": false, ""is_ticked_by_default"": false}, {""title"": ""Cookies"", ""is_strictly_necessary"": false, ""is_ticked_by_default"": false}, {""title"": ""Strictly Necessary Cookies"", ""is_strictly_necessary"": true, ""is_ticked_by_default"": false}, {""title"": ""Analytical Cookies"", ""is_strictly_necessary"": false, ""is_ticked_by_default"": false}, {""title"": ""Functional Cookies"", ""is_strictly_necessary"": false, ""is_ticked_by_default"": false}]",0,"We use cookies on this site to enable the site to function and to analyse your visit. We have embedded a Power BI dashboard and a Rezoomo jobs list on the website and as a result, both vendors set certain cookies. You can Accept All, Reject All or Manage your cookie preferences. You will find further information on specific cookies set here.Cookie Information We use cookies on this site to enable the site to function and to analyse your visit. We have embedded a Power BI dashboard and a Rezoomo jobs list on the website and as a result, both vendors set certain cookies. You can Accept All, Reject All or Manage your cookie preferences. You will find further information on specific cookies set here.Cookie Information",[]
https://www.revenue.ie/,2025-06-16T23:35:37.715714,Partial,FALSE,FALSE,FALSE,,FALSE,0,0,0,[],0,,['No settings button found.']
https://www.gov.ie/,2025-06-16T23:35:46.756798,Partial,FALSE,FALSE,FALSE,,FALSE,0,0,0,[],0,,['No settings button found.']
https://www.citizensinformation.ie/,2025-06-16T23:35:55.801954,Partial,FALSE,FALSE,FALSE,,FALSE,0,0,0,[],0,,['No settings button found.']
https://www.hse.ie/,2025-06-16T23:36:02.942709,Success,TRUE,TRUE,TRUE,manage cookies,TRUE,4,0,1,"[{""title"": ""Strictly Necessary Cookies"", ""is_strictly_necessary"": true, ""is_ticked_by_default"": false}, {""title"": ""Analytical Cookies"", ""is_strictly_necessary"": false, ""is_ticked_by_default"": false}, {""title"": ""Functional Cookies"", ""is_strictly_necessary"": false, ""is_ticked_by_default"": false}, {""title"": ""YouTube Cookies"", ""is_strictly_necessary"": false, ""is_ticked_by_default"": false}]",0,"We use strictly necessary cookies to make our site work. We would also like to set optional cookies (analytical, functional and YouTube) to enhance and improve our service. You can opt-out of these cookies. By clicking “Accept All Cookies” you can agree to the use of all cookies. Cookie Statement and Privacy Statement We use strictly necessary cookies to make our site work. We would also like to set optional cookies (analytical, functional and YouTube) to enhance and improve our service. You can opt-out of these cookies. By clicking “Accept All Cookies” you can agree to the use of all cookies. Cookie Statement and Privacy Statement",[]
https://www.bonkers.ie/,2025-06-16T23:36:08.738336,Success,FALSE,FALSE,FALSE,,FALSE,4,0,1,"[{""title"": ""Strictly Necessary Cookies"", ""is_strictly_necessary"": true, ""is_ticked_by_default"": false}, {""title"": ""Functional Cookies"", ""is_strictly_necessary"": false, ""is_ticked_by_default"": false}, {""title"": ""Performance Cookies"", ""is_strictly_necessary"": false, ""is_ticked_by_default"": false}, {""title"": ""Targeting Cookies"", ""is_strictly_necessary"": false, ""is_ticked_by_default"": false}]",0,,['No settings button found.']
https://www.bordgaisenergy.ie/,2025-06-16T23:36:21.501539,Success,TRUE,TRUE,TRUE,manage my preferences,TRUE,4,1,1,"[{""title"": ""Strictly Necessary Cookies"", ""is_strictly_necessary"": true, ""is_ticked_by_default"": false}, {""title"": ""First Party Analytical Cookies"", ""is_strictly_necessary"": false, ""is_ticked_by_default"": true}, {""title"": ""Functional Cookies"", ""is_strictly_necessary"": false, ""is_ticked_by_default"": false}, {""title"": ""Targeting Cookies"", ""is_strictly_necessary"": false, ""is_ticked_by_default"": false}]",56,"By clicking “Accept All Cookies”, you agree to the storing of cookies on your device to enhance site navigation, personalise content, analyse site usage, provide social media features and assist in our marketing efforts. You can change your cookie preferences to enable or disable any of the functions mentioned by clicking ""Manage My Preferences"" or learn more in our Cookie Notice.
Cookie Notice By clicking “Accept All Cookies”, you agree to the storing of cookies on your device to enhance site navigation, personalise content, analyse site usage, provide social media features and assist in our marketing efforts. You can change your cookie preferences to enable or disable any of the functions mentioned by clicking ""Manage My Preferences"" or learn more in our Cookie Notice.
Cookie Notice",[]
https://www.electricireland.ie/,2025-06-16T23:36:33.353944,Success,TRUE,TRUE,TRUE,cookie settings,TRUE,9,0,2,"[{""title"": ""Strictly Necessary Cookies"", ""is_strictly_necessary"": true, ""is_ticked_by_default"": false}, {""title"": ""Performance Cookies"", ""is_strictly_necessary"": false, ""is_ticked_by_default"": false}, {""title"": ""Functional Cookies"", ""is_strictly_necessary"": false, ""is_ticked_by_default"": false}, {""title"": ""Targeting & Advertising Cookies"", ""is_strictly_necessary"": false, ""is_ticked_by_default"": false}, {""title"": ""Cookie Settings Overview"", ""is_strictly_necessary"": false, ""is_ticked_by_default"": false}, {""title"": ""Strictly Necessary Cookies"", ""is_strictly_necessary"": true, ""is_ticked_by_default"": false}, {""title"": ""Performance Cookies"", ""is_strictly_necessary"": false, ""is_ticked_by_default"": false}, {""title"": ""Functional Cookies"", ""is_strictly_necessary"": false, ""is_ticked_by_default"": false}, {""title"": ""Targeting & Advertising Cookies"", ""is_strictly_necessary"": false, ""is_ticked_by_default"": false}]",0,"Our website uses cookies and other similar technologies which are strictly necessary for it to function. These are enabled by default and cannot be disabled. We would also like to use additional cookies to analyse how you use our website, and to deliver personalised content and advertising. You can enable these additional cookies by selecting “Accept All” or enable specific cookie categories under “Cookie Settings”. You can adjust your cookie preferences at any time via “Cookie Settings” linked below within our website’s footer. Our website uses cookies and other similar technologies which are strictly necessary for it to function. These are enabled by default and cannot be disabled. We would also like to use additional cookies to analyse how you use our website, and to deliver personalised content and advertising. You can enable these additional cookies by selecting “Accept All” or enable specific cookie categories under “Cookie Settings”. You can adjust your cookie preferences at any time via “Cookie Settings” linked below within our website’s footer.",[]
https://www.bankofireland.com/,2025-06-16T23:36:39.262250,Success,TRUE,TRUE,FALSE,,FALSE,4,0,1,"[{""title"": ""Strictly Necessary Cookies"", ""is_strictly_necessary"": true, ""is_ticked_by_default"": false}, {""title"": ""Performance Cookies"", ""is_strictly_necessary"": false, ""is_ticked_by_default"": false}, {""title"": ""Functional Cookies"", ""is_strictly_necessary"": false, ""is_ticked_by_default"": false}, {""title"": ""Advertising Cookies"", ""is_strictly_necessary"": false, ""is_ticked_by_default"": false}]",0,"Bank of Ireland Cookie Notice
Some cookies that we use are necessary for our websites and apps to operate, while others improve performance and functionality. We (and our advertising partners) also use advertising cookies, so that we can show you advertising you may be interested in. Tap Accept All Cookies if you agree to these. Tap Manage Cookie Settings to choose the types of cookies you’re happy to allow. You can change your cookie settings at any time and find more information in our cookies policy. Some cookies that we use are necessary for our websites and apps to operate, while others improve performance and functionality. We (and our advertising partners) also use advertising cookies, so that we can show you advertising you may be interested in. Tap Accept All Cookies if you agree to these. Tap Manage Cookie Settings to choose the types of cookies you’re happy to allow. You can change your cookie settings at any time and find more information in our cookies policy.",['No settings button found.']
https://www.aib.ie/,2025-06-16T23:36:48.540942,Success,TRUE,TRUE,TRUE,adjust my preferences,TRUE,28,0,2,"[{""title"": ""Strictly Necessary Cookies"", ""is_strictly_necessary"": true, ""is_ticked_by_default"": false}, {""title"": ""Performance Cookies"", ""is_strictly_necessary"": false, ""is_ticked_by_default"": false}, {""title"": ""Functional Cookies"", ""is_strictly_necessary"": false, ""is_ticked_by_default"": false}, {""title"": ""Targeting Cookies"", ""is_strictly_necessary"": false, ""is_ticked_by_default"": false}, {""title"": ""Title Not Found"", ""is_strictly_necessary"": false, ""is_ticked_by_default"": false}, {""title"": ""Watch your savings grow\nOpen a savings account and watch your money grow with interest. We have savings accounts for every type of saver\nMore about savings & deposits"", ""is_strictly_necessary"": false, ""is_ticked_by_default"": false}, {""title"": ""Contact us today"", ""is_strictly_necessary"": false, ""is_ticked_by_default"": false}, {""title"": ""Are you worried about payments?"", ""is_strictly_necessary"": false, ""is_ticked_by_default"": false}, {""title"": ""Mortgages"", ""is_strictly_necessary"": false, ""is_ticked_by_default"": false}, {""title"": ""Savings & Deposits"", ""is_strictly_necessary"": false, ""is_ticked_by_default"": false}, {""title"": ""Insurance"", ""is_strictly_necessary"": false, ""is_ticked_by_default"": false}, {""title"": ""Loans"", ""is_strictly_necessary"": false, ""is_ticked_by_default"": false}, {""title"": ""AIB Community €1 Million Fund\nThe 2025 nominations are now open! Nominate a charity doing important work in your local community.\nNominations will be open for six weeks from 14 May until 25 June. \n\nNominate now"", ""is_strictly_necessary"": false, ""is_ticked_by_default"": false}, {""title"": ""ISO 20022\nISO 20022 is the new standard for payments and will help to improve the efficiency of your payments.\nWe have recently made changes to the information you need to provide to make a payment.\nMore about ISO 20022"", ""is_strictly_necessary"": false, ""is_ticked_by_default"": false}, {""title"": ""Mortgage Interest Rate Changes\nWe are changing our interest rates for mortgages.\nIf you want to choose a different interest rate, amend your mortgage account details, or avail of our flexible payment options.\nMore information on mortgages"", ""is_strictly_necessary"": false, ""is_ticked_by_default"": false}, {""title"": ""Are you worried about payments?"", ""is_strictly_necessary"": false, ""is_ticked_by_default"": false}, {""title"": ""Concerned about Fraud?"", ""is_strictly_necessary"": false, ""is_ticked_by_default"": false}, {""title"": ""Title Not Found"", ""is_strictly_necessary"": false, ""is_ticked_by_default"": false}, {""title"": ""Business Banking"", ""is_strictly_necessary"": false, ""is_ticked_by_default"": false}, {""title"": ""Corporate Banking"", ""is_strictly_necessary"": false, ""is_ticked_by_default"": false}, {""title"": ""Private Banking"", ""is_strictly_necessary"": false, ""is_ticked_by_default"": false}, {""title"": ""Title Not Found"", ""is_strictly_necessary"": false, ""is_ticked_by_default"": false}, {""title"": ""Sustainability"", ""is_strictly_necessary"": false, ""is_ticked_by_default"": false}, {""title"": ""About Cookies"", ""is_strictly_necessary"": false, ""is_ticked_by_default"": false}, {""title"": ""Strictly Necessary Cookies"", ""is_strictly_necessary"": true, ""is_ticked_by_default"": false}, {""title"": ""Performance Cookies"", ""is_strictly_necessary"": false, ""is_ticked_by_default"": false}, {""title"": ""Functional Cookies"", ""is_strictly_necessary"": false, ""is_ticked_by_default"": false}, {""title"": ""Targeting Cookies"", ""is_strictly_necessary"": false, ""is_ticked_by_default"": false}]",5,"This website uses cookies
We use cookies to personalise this website and our ads for you. We also use them to improve how the site functions and to share with our partners how the site is used. We only do this with your consent. You can choose to “Allow all” cookies or accept only some with “Adjust my preferences”. You can reject all non-essential cookies by choosing to “Accept only necessary” cookies. Disabling some cookies may change what you see on the site, how it works and the services we offer you. To find out more, see ourCookie Policy We use cookies to personalise this website and our ads for you. We also use them to improve how the site functions and to share with our partners how the site is used. We only do this with your consent. You can choose to “Allow all” cookies or accept only some with “Adjust my preferences”. You can reject all non-essential cookies by choosing to “Accept only necessary” cookies. Disabling some cookies may change what you see on the site, how it works and the services we offer you. To find out more, see ourCookie Policy",[]
https://www.permanenttsb.ie/,2025-06-16T23:37:00.781215,Success,TRUE,TRUE,TRUE,manage preferences,TRUE,9,0,0,"[{""title"": ""Necessary"", ""is_strictly_necessary"": false, ""is_ticked_by_default"": false}, {""title"": ""Functional Cookies"", ""is_strictly_necessary"": false, ""is_ticked_by_default"": false}, {""title"": ""Performance Analytics"", ""is_strictly_necessary"": false, ""is_ticked_by_default"": false}, {""title"": ""Marketing"", ""is_strictly_necessary"": false, ""is_ticked_by_default"": false}, {""title"": ""Cookie Consent Management"", ""is_strictly_necessary"": false, ""is_ticked_by_default"": false}, {""title"": ""Necessary"", ""is_strictly_necessary"": false, ""is_ticked_by_default"": false}, {""title"": ""Functional Cookies"", ""is_strictly_necessary"": false, ""is_ticked_by_default"": false}, {""title"": ""Performance Analytics"", ""is_strictly_necessary"": false, ""is_ticked_by_default"": false}, {""title"": ""Marketing"", ""is_strictly_necessary"": false, ""is_ticked_by_default"": false}]",0,"ptsb Cookies
We use cookies to make our websites work, enhance your browsing experience and provide advertising we believe might be of interest to you. We categorise cookies as Necessary, Functional, Performance Analytics (used to analyse site performance) and Marketing (used to tailor advertising to your needs). You can select “Accept All” to agree to all of these cookies, or only opt in to what you are happy to accept using “Manage Preferences”. You can change your cookie settings at any time and learn more about how we use cookies in our Cookie Notice We use cookies to make our websites work, enhance your browsing experience and provide advertising we believe might be of interest to you. We categorise cookies as Necessary, Functional, Performance Analytics (used to analyse site performance) and Marketing (used to tailor advertising to your needs). You can select “Accept All” to agree to all of these cookies, or only opt in to what you are happy to accept using “Manage Preferences”. You can change your cookie settings at any time and learn more about how we use cookies in our Cookie Notice",[]
https://www.ulsterbank.ie/,2025-06-16T23:37:07.836373,Success,TRUE,TRUE,TRUE,manage preferences,TRUE,5,0,1,"[{""title"": ""Strictly Necessary Cookies"", ""is_strictly_necessary"": true, ""is_ticked_by_default"": false}, {""title"": ""Customer Experience"", ""is_strictly_necessary"": false, ""is_ticked_by_default"": false}, {""title"": ""Functional Cookies"", ""is_strictly_necessary"": false, ""is_ticked_by_default"": false}, {""title"": ""Performance Cookies"", ""is_strictly_necessary"": false, ""is_ticked_by_default"": false}, {""title"": ""Targeting Cookies"", ""is_strictly_necessary"": false, ""is_ticked_by_default"": false}]",0,"We care about your privacy
We use cookies to ensure our website works properly. To help us improve our service, we collect data to understand how people use our site. By allowing all cookies, we can enhance your experience even further. This means helping you find information more quickly and tailoring content or marketing to your needs. Select “Allow All Cookies” to agree or “Manage Preferences” to manage cookie settings. You can find out more by viewing our Cookie Policy. We use cookies to ensure our website works properly. To help us improve our service, we collect data to understand how people use our site. By allowing all cookies, we can enhance your experience even further. This means helping you find information more quickly and tailoring content or marketing to your needs. Select “Allow All Cookies” to agree or “Manage Preferences” to manage cookie settings. You can find out more by viewing our Cookie Policy.",[]
https://www.creditunion.ie/,2025-06-16T23:37:14.460934,Success,TRUE,TRUE,TRUE,manage settings,TRUE,9,0,2,"[{""title"": ""Strictly Necessary Cookies"", ""is_strictly_necessary"": true, ""is_ticked_by_default"": false}, {""title"": ""Performance Cookies"", ""is_strictly_necessary"": false, ""is_ticked_by_default"": false}, {""title"": ""Functional Cookies"", ""is_strictly_necessary"": false, ""is_ticked_by_default"": false}, {""title"": ""Advertising & Marketing Cookies"", ""is_strictly_necessary"": false, ""is_ticked_by_default"": false}, {""title"": ""Your Privacy"", ""is_strictly_necessary"": false, ""is_ticked_by_default"": false}, {""title"": ""Strictly Necessary Cookies"", ""is_strictly_necessary"": true, ""is_ticked_by_default"": false}, {""title"": ""Performance Cookies"", ""is_strictly_necessary"": false, ""is_ticked_by_default"": false}, {""title"": ""Functional Cookies"", ""is_strictly_necessary"": false, ""is_ticked_by_default"": false}, {""title"": ""Advertising & Marketing Cookies"", ""is_strictly_necessary"": false, ""is_ticked_by_default"": false}]",0,"We use cookies to ensure our website works correctly for you. They help us to understand when and how the website is used, as well as enabling us to work with our service providers to show advertising that we believe will be relevant to you. By clicking Accept all Cookies you agree to the use of all cookies. You can manage your cookie settings by clicking Manage Settings. To find out more about how we use cookies please read our Cookie Policy. This website uses cookies
We use cookies to ensure our website works correctly for you. They help us to understand when and how the website is used, as well as enabling us to work with our service providers to show advertising that we believe will be relevant to you. By clicking Accept all Cookies you agree to the use of all cookies. You can manage your cookie settings by clicking Manage Settings. To find out more about how we use cookies please read our Cookie Policy.",[]
https://www.dcu.ie/,2025-06-16T23:37:35.704530,Success,TRUE,TRUE,FALSE,,FALSE,3,0,0,"[{""title"": ""Image\n \n\n\n\n\n\n\n \n\n\n\n\n\n\nStrategy 2023-2028\n\n\n\nDCU launches ambitious new strategy entitled 'Transformation for an Unscripted Future'\n\n\n\n\n\n\n\n\n\n\nImage\n \n\n\n\n\n\n\n \n\n\n\n\n\n\nDCU June Open Day\n\n\n\nJoin us on Wednesday June 25 2025 for our DCU June Open Day\n\n\n\n\n\n\n\n\n\n \n\n\n\n\n\n\nImage\n \n\n\n\n\n\n\n\nPostgraduate at DCU\n\n\n\nDiscover your passions and follow your greatness at DCU\n\n\n\n\n\n\n\n\n\n\nImage\n \n\n\n\n\n\n\n \n\n\n\n\n\n\nStrategy 2023-2028\n\n\n\nDCU launches ambitious new strategy entitled 'Transformation for an Unscripted Future'\n\n\n\n\n\n\n\n\n\n\nImage\n \n\n\n\n\n\n\n \n\n\n\n\n\n\nDCU June Open Day\n\n\n\nJoin us on Wednesday June 25 2025 for our DCU June Open Day\n\n\n\n\n\n\n\n\n\n \n\n\n\n\n\n\nImage\n \n\n\n\n\n\n\n\nPostgraduate at DCU\n\n\n\nDiscover your passions and follow your greatness at DCU\n\n\n\n\n\n\n\n\n\n\nImage\n \n\n\n\n\n\n\n \n\n\n\n\n\n\nStrategy 2023-2028\n\n\n\nDCU launches ambitious new strategy entitled 'Transformation for an Unscripted Future'\n\n\n\n\n123"", ""is_strictly_necessary"": false, ""is_ticked_by_default"": false}, {""title"": ""Work Placement\n80% of our courses have INTRA - paid, relevant work experience or work placement\n\n\n\n\n  \n\n We're #1 in Ireland\nDCU is ranked No 1 in Ireland for Graduate Employment Rate\n\nQS Graduate Employability Rankings 2022\n\n\n  \n\n We're #23 in the world\nDCU is ranked 23rd globally for Graduate Employment Rate\n\nQS Graduate Employability Rankings 2022\n\n\n  \n\n Ireland's #1 ranked 'Young University' \nTop ranked University in the Times Higher Education 'Young University' rankings, and 59th globally\n\nDCU ranked top Young University in Ireland\n\n\n  \n\n 95% in employment or further education\n95% of our recent graduates are in employment or further education six months after graduation\n\nGraduate Outcomes Survey\n\n\n  \n\n 135 different nationalities\nWe attract students from around the world thanks to our world-class research, cutting-edge learning which positively transform lives and societies\n\n\n\n\n  \n\n Work Placement\n80% of our courses have INTRA - paid, relevant work experience or work placement\n\n\n\n\n  \n\n We're #1 in Ireland\nDCU is ranked No 1 in Ireland for Graduate Employment Rate\n\nQS Graduate Employability Rankings 2022\n\n\n  \n\n We're #23 in the world\nDCU is ranked 23rd globally for Graduate Employment Rate\n\nQS Graduate Employability Rankings 2022\n\n\n  \n\n Ireland's #1 ranked 'Young University' \nTop ranked University in the Times Higher Education 'Young University' rankings, and 59th globally\n\nDCU ranked top Young University in Ireland\n\n\n  \n\n 95% in employment or further education\n95% of our recent graduates are in employment or further education six months after graduation\n\nGraduate Outcomes Survey\n\n\n  \n\n 135 different nationalities\nWe attract students from around the world thanks to our world-class research, cutting-edge learning which positively transform lives and societies\n\n\n\n\n  \n\n Work Placement\n80% of our courses have INTRA - paid, relevant work experience or work placement\n\n\n\n123456"", ""is_strictly_necessary"": false, ""is_ticked_by_default"": false}, {""title"": ""The video provider requires that you accept marketing and statistics cookies in order to view this video.\n\n\n\n\n\n\n\n\n\n\n\n\nThe video provider requires that you accept marketing and statistics cookies in order to view this video.\n\n\n\n\n\n\n\n\n\n\n\n\nThe video provider requires that you accept marketing and statistics cookies in order to view this video.\n\n\n\n\n\n\n\n\n\n\n\n\nThe video provider requires that you accept marketing and statistics cookies in order to view this video.\n\n\n\n\n\n\n\n\n\n\n\n\nThe video provider requires that you accept marketing and statistics cookies in order to view this video.\n\n\n\n\n\n\n\n12"", ""is_strictly_necessary"": false, ""is_ticked_by_default"": false}]",0,"This website uses cookies
Dublin City University use cookies to personalise content and ads, to provide social media features and to analyse our traffic. We also share information about your use of our site with our social media, advertising and analytics partners who may combine it with other information that you’ve provided to them or that they’ve collected from your use of their services.
Consent Selection
Necessary
Preferences
Statistics
Marketing
Show details



























Allow all cookies
Allow selection
Use necessary cookies only This website uses cookies
Dublin City University use cookies to personalise content and ads, to provide social media features and to analyse our traffic. We also share information about your use of our site with our social media, advertising and analytics partners who may combine it with other information that you’ve provided to them or that they’ve collected from your use of their services.
Consent Selection
Necessary
Preferences
Statistics
Marketing
Show details",['No settings button found.']
https://www.tcd.ie/,2025-06-16T23:37:47.956205,Success,TRUE,TRUE,TRUE,cookies settings,TRUE,4,0,1,"[{""title"": ""Performance Cookies"", ""is_strictly_necessary"": false, ""is_ticked_by_default"": false}, {""title"": ""Strictly Necessary Cookies"", ""is_strictly_necessary"": true, ""is_ticked_by_default"": false}, {""title"": ""Advertising and Marketing Cookies"", ""is_strictly_necessary"": false, ""is_ticked_by_default"": false}, {""title"": ""Functional Cookies"", ""is_strictly_necessary"": false, ""is_ticked_by_default"": false}]",0,"Trinity College Dublin uses cookies to enable our website to operate, improve your browsing experience and provide personalised advertising which we believe may be of interest to you. By clicking “Accept All Cookies” you consent to the use of all cookies including social media and advertising cookies. You can choose to not accept certain cookies however this may impact on your browsing experience. Select “Cookies Settings” to find out more and customise your preferences. For further information please see our Cookie Policy Trinity College Dublin uses cookies to enable our website to operate, improve your browsing experience and provide personalised advertising which we believe may be of interest to you. By clicking “Accept All Cookies” you consent to the use of all cookies including social media and advertising cookies. You can choose to not accept certain cookies however this may impact on your browsing experience. Select “Cookies Settings” to find out more and customise your preferences. For further information please see our Cookie Policy",[]
https://www.ucc.ie/,2025-06-16T23:37:56.302952,Success,TRUE,TRUE,TRUE,cookies settings,TRUE,9,0,2,"[{""title"": ""Strictly Necessary Cookies"", ""is_strictly_necessary"": true, ""is_ticked_by_default"": false}, {""title"": ""Functional Cookies"", ""is_strictly_necessary"": false, ""is_ticked_by_default"": false}, {""title"": ""Performance Cookies"", ""is_strictly_necessary"": false, ""is_ticked_by_default"": false}, {""title"": ""Targeting Cookies"", ""is_strictly_necessary"": false, ""is_ticked_by_default"": false}, {""title"": ""Your Privacy"", ""is_strictly_necessary"": false, ""is_ticked_by_default"": false}, {""title"": ""Strictly Necessary Cookies"", ""is_strictly_necessary"": true, ""is_ticked_by_default"": false}, {""title"": ""Functional Cookies"", ""is_strictly_necessary"": false, ""is_ticked_by_default"": false}, {""title"": ""Performance Cookies"", ""is_strictly_necessary"": false, ""is_ticked_by_default"": false}, {""title"": ""Targeting Cookies"", ""is_strictly_necessary"": false, ""is_ticked_by_default"": false}]",0,"We use necessary cookies to make our site work. We’d also like to set other cookies to help us improve the browsing experience and assist in our marketing efforts. These will be set only if you accept. You can control the categories of cookies enabled by selecting the options within this banner. You can also get more information, and modify your cookie preferences at any time by clicking on the cookie settings button, within our Cookie Policy About Cookies
We use necessary cookies to make our site work. We’d also like to set other cookies to help us improve the browsing experience and assist in our marketing efforts. These will be set only if you accept. You can control the categories of cookies enabled by selecting the options within this banner. You can also get more information, and modify your cookie preferences at any time by clicking on the cookie settings button, within our Cookie Policy",[]
https://www.nuigalway.ie/,2025-06-16T23:38:13.346491,Partial,TRUE,TRUE,FALSE,,FALSE,0,0,0,[],0,"Some features need cookies to work properly. Cookies also let us (a) remember your preferences, (b) collect anonymous usage statistics, and (c) see how well our online ads are working. No personal data is stored on these cookies but, under EU law, we still need to ask you this every 6 months. To learn more about our use of cookies, view our Privacy Policy.",['No settings button found.']
https://www.ul.ie/,2025-06-16T23:38:28.672996,Partial,TRUE,TRUE,FALSE,,FALSE,0,0,0,[],0,"This website uses cookies
Cookies are small text files that we save on your device when you use our website. The law states that we can only store cookies on your device if they are strictly necessary for the operation of the website. For all other types of cookies, we need your permission. For further information, please see our Cookie Statement.
Consent Selection
Necessary
Preferences
Statistics
Marketing
Show details















Allow all cookies
Allow selection
Use necessary cookies only This website uses cookies
Cookies are small text files that we save on your device when you use our website. The law states that we can only store cookies on your device if they are strictly necessary for the operation of the website. For all other types of cookies, we need your permission. For further information, please see our Cookie Statement.
Consent Selection
Necessary
Preferences
Statistics
Marketing
Show details",['No settings button found.']
https://www.maynoothuniversity.ie/,2025-06-16T23:38:51.531151,Success,TRUE,TRUE,FALSE,,FALSE,1,0,0,"[{""title"": ""MU scientist leads new Atlantic climate project\n\nRead More"", ""is_strictly_necessary"": false, ""is_ticked_by_default"": false}]",0,"We use cookies on this website for various reasons to enhance the user expereience and analyse content and behaviour on our site. We use this data to help us get you to the information you want quickly improve our user journeys. This website uses cookies
We use cookies on this website for various reasons to enhance the user expereience and analyse content and behaviour on our site. We use this data to help us get you to the information you want quickly improve our user journeys.
For information on Data Protection and Privacy and how your personal data will be processed if you engage with Maynooth University, please visit the Data Protection Office website.
For Maynooth University’s Website Privacy Policy, please click here.
For information on Maynooth University’s use of Cookies, please read the Cookie Declaration.
Consent Selection
Necessary
Preferences
Statistics
Marketing
Show details










































Allow all cookies
Allow selection
Reject",['No settings button found.']
https://www.tudublin.ie/,2025-06-16T23:38:59.095796,Success,TRUE,TRUE,TRUE,cookies settings,TRUE,4,0,1,"[{""title"": ""Strictly Necessary Cookies"", ""is_strictly_necessary"": true, ""is_ticked_by_default"": false}, {""title"": ""Functional Cookies"", ""is_strictly_necessary"": false, ""is_ticked_by_default"": false}, {""title"": ""Performance Cookies"", ""is_strictly_necessary"": false, ""is_ticked_by_default"": false}, {""title"": ""Targeting Cookies"", ""is_strictly_necessary"": false, ""is_ticked_by_default"": false}]",0,"TU Dublin Cookie Consent
By clicking “Allow All”, you agree to the storing of cookies on your device to enhance site navigation, analyse site usage, and assist in our marketing efforts.Cookie Notice By clicking “Allow All”, you agree to the storing of cookies on your device to enhance site navigation, analyse site usage, and assist in our marketing efforts.Cookie Notice",[]
https://www.supervalu.ie/,2025-06-16T23:39:08.315120,Success,TRUE,TRUE,TRUE,cookies settings,TRUE,4,0,1,"[{""title"": ""Strictly Necessary Cookies"", ""is_strictly_necessary"": true, ""is_ticked_by_default"": false}, {""title"": ""Performance Cookies"", ""is_strictly_necessary"": false, ""is_ticked_by_default"": false}, {""title"": ""Functional Cookies"", ""is_strictly_necessary"": false, ""is_ticked_by_default"": false}, {""title"": ""Targeting Cookies"", ""is_strictly_necessary"": false, ""is_ticked_by_default"": false}]",0,"Musgrave Value Your Privacy
We use cookies and similar technologies to help our websites and apps work properly and to personalise your experience. We and our partners may use information about your devices, your online interactions and you, to provide, analyse and improve our services. This may include personalising content or advertising for you. Click “Accept All” below to consent to the use of all of this technology and any associated processing of your personal data for these purposes. Click “Cookie Settings” to select which cookies to consent to. You can change your mind and change your consent choices at any time by clicking “Cookie Settings” or by returning to this site. See our Cookie Policy for more informationCookie Policy We use cookies and similar technologies to help our websites and apps work properly and to personalise your experience. We and our partners may use information about your devices, your online interactions and you, to provide, analyse and improve our services. This may include personalising content or advertising for you. Click “Accept All” below to consent to the use of all of this technology and any associated processing of your personal data for these purposes. Click “Cookie Settings” to select which cookies to consent to. You can change your mind and change your consent choices at any time by clicking “Cookie Settings” or by returning to this site. See our Cookie Policy for more informationCookie Policy",[]
https://www.tesco.ie/,2025-06-16T23:39:23.380632,Partial,TRUE,TRUE,FALSE,,FALSE,0,0,0,[],0,"Want to know more? Check out our cookies policy. Manage cookies. We use cookies to improve your experience on our website. Please let us know your preferences.
Want to know more? Check out our cookies policy. Manage cookies.",['No settings button found.']
https://www.lidl.ie/,2025-06-16T23:39:34.666635,Success,TRUE,TRUE,TRUE,customise,TRUE,4,0,0,"[{""title"": ""Necessary"", ""is_strictly_necessary"": false, ""is_ticked_by_default"": false}, {""title"": ""Preferences"", ""is_strictly_necessary"": false, ""is_ticked_by_default"": false}, {""title"": ""Statistics"", ""is_strictly_necessary"": false, ""is_ticked_by_default"": false}, {""title"": ""Marketing"", ""is_strictly_necessary"": false, ""is_ticked_by_default"": false}]",0,"Before you continue: personal data processing
We use cookies on our websites to provide you with the best possible experience. This includes data processing that helps our websites run smoothly, as well as other techniques which ensure the content you are seeing is relevant to you. We may transfer your personal data to third party companies outside the UK, but only under strict contract and with adequate safeguards in place for the protection of your data. You can either click 'Accept' to accept all cookies, or select in 'Customise' which cookies you would like to allow. By selecting 'Reject' you only allow the use of technically necessary cookies. Further information including your right to withdraw consent at any time, can be found in our privacy policy. Our general legal information can be found here. We use cookies on our websites to provide you with the best possible experience. This includes data processing that helps our websites run smoothly, as well as other techniques which ensure the content you are seeing is relevant to you. We may transfer your personal data to third party companies outside the UK, but only under strict contract and with adequate safeguards in place for the protection of your data. You can either click 'Accept' to accept all cookies, or select in 'Customise' which cookies you would like to allow. By selecting 'Reject' you only allow the use of technically necessary cookies. Further information including your right to withdraw consent at any time, can be found in our privacy policy. Our general legal information can be found here.",[]
https://www.aldi.ie/,2025-06-16T23:39:46.528156,Success,TRUE,TRUE,TRUE,set choices,TRUE,4,0,1,"[{""title"": ""Strictly Necessary Cookies"", ""is_strictly_necessary"": true, ""is_ticked_by_default"": false}, {""title"": ""Performance Cookies"", ""is_strictly_necessary"": false, ""is_ticked_by_default"": false}, {""title"": ""Functional Cookies"", ""is_strictly_necessary"": false, ""is_ticked_by_default"": false}, {""title"": ""Marketing Cookies"", ""is_strictly_necessary"": false, ""is_ticked_by_default"": false}]",0,"Your Privacy Preferences with ALDI
By clicking “Accept All”, you agree to the storing of cookies on your device to enhance site navigation, analyse site usage, and assist in our marketing efforts. By clicking “Reject All” only Strictly Necessary cookies will be used.
Cookie Policy By clicking “Accept All”, you agree to the storing of cookies on your device to enhance site navigation, analyse site usage, and assist in our marketing efforts. By clicking “Reject All” only Strictly Necessary cookies will be used.
Cookie Policy",[]
https://www.dunnesstores.com/,2025-06-16T23:39:55.123228,Success,TRUE,TRUE,TRUE,detailed selection,TRUE,8,0,1,"[{""title"": ""Strictly Necessary Cookies"", ""is_strictly_necessary"": true, ""is_ticked_by_default"": false}, {""title"": ""Performance Cookies"", ""is_strictly_necessary"": false, ""is_ticked_by_default"": false}, {""title"": ""Functional Cookies"", ""is_strictly_necessary"": false, ""is_ticked_by_default"": false}, {""title"": ""Targeting Cookies"", ""is_strictly_necessary"": false, ""is_ticked_by_default"": false}, {""title"": ""New In"", ""is_strictly_necessary"": false, ""is_ticked_by_default"": false}, {""title"": ""New In"", ""is_strictly_necessary"": false, ""is_ticked_by_default"": false}, {""title"": ""New In"", ""is_strictly_necessary"": false, ""is_ticked_by_default"": false}, {""title"": ""New In"", ""is_strictly_necessary"": false, ""is_ticked_by_default"": false}]",0,"By clicking “Accept All Cookies”, you agree to the storing of cookies on your device to enhance site navigation, analyse site usage, and assist in our marketing efforts.Cookie Policy Cookies
By clicking “Accept All Cookies”, you agree to the storing of cookies on your device to enhance site navigation, analyse site usage, and assist in our marketing efforts.Cookie Policy",[]
https://www.brownthomas.com/,2025-06-16T23:40:05.493619,Success,TRUE,TRUE,TRUE,set my preferences,TRUE,19,0,1,"[{""title"": ""Strictly Necessary Cookies"", ""is_strictly_necessary"": true, ""is_ticked_by_default"": false}, {""title"": ""Performance Cookies"", ""is_strictly_necessary"": false, ""is_ticked_by_default"": false}, {""title"": ""Functional Cookies"", ""is_strictly_necessary"": false, ""is_ticked_by_default"": false}, {""title"": ""Targeting Cookies"", ""is_strictly_necessary"": false, ""is_ticked_by_default"": false}, {""title"": ""Close"", ""is_strictly_necessary"": false, ""is_ticked_by_default"": false}, {""title"": ""Close"", ""is_strictly_necessary"": false, ""is_ticked_by_default"": false}, {""title"": ""View all brands available in our Dublin store."", ""is_strictly_necessary"": false, ""is_ticked_by_default"": false}, {""title"": ""Brands\n\n\n\nBack\nBrands\n\nAnine Bing\nA.P.C.\nBaobab\nCoach\nJimmy Choo\nLongchamp\nMayoral\nMissoma\nPaul Smith\nPolo Ralph Lauren\nShark\nSKIMS\nStellar\nThe Lyndon Company\n\n\n\n\n\n\nView all Brands"", ""is_strictly_necessary"": false, ""is_ticked_by_default"": false}, {""title"": ""Beauty\n\n\n\n\n\nWomen\n\n\n\n\n\nBags\n\n\n\n\n\nMens\n\n\n\n\n\n\n\nChildren\n\n\n\n\n\nHome\n\n\n\n\n\nElectrical"", ""is_strictly_necessary"": false, ""is_ticked_by_default"": false}, {""title"": ""Brands\n\n\n\nBack\nBrands\n\n\nCharlotte Tilbury\nJo Malone London\nCHANEL\nSol De Janeiro\nVictoria Beckham Beauty\nM·A·C\nEstée Lauder\nTrinny London\nLa Mer\nTom Ford\nDIOR\nArmani Beauty\nBobbi Brown\nClinique\nLe Labo\nALL BRANDS\n\n\n\n\n\n\nView all Brands"", ""is_strictly_necessary"": false, ""is_ticked_by_default"": false}, {""title"": ""Brands\n\n\n\nBack\nBrands\n\nAdanola \nAnine Bing\nBOSS\nBottega Veneta\nChristian Louboutin\nDolce & Gabbana\nHouse of CB\nIsabel Marant\nJimmy Choo\nlululemon\nLynott Jewellery\nMarc Jacobs\nMax Mara\nMissoma\nOdd Muse\nPrada\nReiss\nSaint Laurent\nSKIMS\nSpanx\nThe Frankie Shop\nVictoria Beckham\nWeekend Max Mara\nVIEW ALL BRANDS\n\nVIEW ALL BRANDS\n\n\n\n\nView all Brands"", ""is_strictly_necessary"": false, ""is_ticked_by_default"": false}, {""title"": ""Brands\n\n\n\nBack\nBrands\n\n\nAlexander McQueen\nAspinal Of London\nBottega Veneta\nChloe\nCoach\nGanni\nJacquemus\nKhaite\nLoewe\nLongchamp\nMarc Jacobs\nMulberry\nPrada\nSaint Laurent\nStella McCartney\nVictoria Beckham\nVIEW ALL BRANDS\n\nVIEW ALL BRANDS\n\n\n\n\n\nView all Brands"", ""is_strictly_necessary"": false, ""is_ticked_by_default"": false}, {""title"": ""Brands\n\n\n\nBack\nBrands\n\nAdidas\nArc'teryx\nBOSS\nCanada Goose\nGANT\nMoncler\nNike\nPolo Ralph Lauren\nPS Paul Smith\nRepresent\nVIEW ALL BRANDS\n\n NEW BRANDS\nAlmost Home\nAbout:Blank\nSKIMS\nEmporium\nPellador\nSalomon\nVIEW NEW BRANDS\n\n\n\n\n\nView all Brands"", ""is_strictly_necessary"": false, ""is_ticked_by_default"": false}, {""title"": ""Brands\n\n\n\nBack\nBrands\n\nJellycat\nAmerican Vintage Kids\nAtelier Choux\nBoss Kids\nBunnies By The Bay\nDone by Deer\nEmile Et Rose\nFAO Schwarz\nFrugi\nLego\nLiewood\nMarvin's Magic\nMayoral\nMini Rodini\nTonies \nVIEW ALL BRANDS\n\nVIEW ALL BRANDS\n\n\n\n\nView all Brands"", ""is_strictly_necessary"": false, ""is_ticked_by_default"": false}, {""title"": ""Brands\n\n\n\nBack\nBrands\nr\n\n\n\nStanley  New In\nMidleton Very Rare\nCipriani  New In\nBottom Drawer\nBelledorm\nCirculon\nDenby\nDiptyque\nFoxford\nJoseph Joseph\nKarla Bree\nLe Creuset\nMoet & Chandon\nNeom Wellbeing\nRathwood\nStellar\nThe Lyndon Company\nVIEW ALL BRANDS\n\nVIEW ALL BRANDS\n\n\n\n\nView all Brands"", ""is_strictly_necessary"": false, ""is_ticked_by_default"": false}, {""title"": ""Brands\n\n\n\nBack\nBrands\n\n\n\n\nApple\nBosch\nDe'Longhi\nDyson\nFitbit\nGarmin\nKenwood\nLG\nMiele\nNinja\nSage\nSamsung\nShark\nSennheiser\nWhirlpool\n\n\n\n\n\nView all Brands"", ""is_strictly_necessary"": false, ""is_ticked_by_default"": false}, {""title"": ""Brands\n\n\n\nBack\nBrands\n\nBottega Veneta\nCharlotte Tilbury\nChristian Louboutin\nDiptyque\nJellycat\nJimmy Choo\nJo Malone London\nMarc Jacobs\nMulberry\nMissoma\nMoncler\nNEOM Wellbeing\nPrada\nSaint Laurent\nStanley\nWaterford\n\n\n\n\n\nView all Brands"", ""is_strictly_necessary"": false, ""is_ticked_by_default"": false}, {""title"": ""View all brands available in our Dublin store."", ""is_strictly_necessary"": false, ""is_ticked_by_default"": false}, {""title"": ""Title Not Found"", ""is_strictly_necessary"": false, ""is_ticked_by_default"": false}]",0,"We use cookies to enhance your shopping experience, improve site performance and to deliver personalised advertising across our marketing channels. Manage your settings in 'Set My Preferences' or learn more on ourPrivacy and Cookie Policy Personalise Your Experience
We use cookies to enhance your shopping experience, improve site performance and to deliver personalised advertising across our marketing channels. Manage your settings in 'Set My Preferences' or learn more on ourPrivacy and Cookie Policy",[]
https://www.arnotts.ie/,2025-06-16T23:40:15.415480,Success,TRUE,TRUE,TRUE,set my preferences,TRUE,19,0,1,"[{""title"": ""Strictly Necessary Cookies"", ""is_strictly_necessary"": true, ""is_ticked_by_default"": false}, {""title"": ""Performance Cookies"", ""is_strictly_necessary"": false, ""is_ticked_by_default"": false}, {""title"": ""Functional Cookies"", ""is_strictly_necessary"": false, ""is_ticked_by_default"": false}, {""title"": ""Targeting Cookies"", ""is_strictly_necessary"": false, ""is_ticked_by_default"": false}, {""title"": ""Close"", ""is_strictly_necessary"": false, ""is_ticked_by_default"": false}, {""title"": ""Close"", ""is_strictly_necessary"": false, ""is_ticked_by_default"": false}, {""title"": ""Follow Us"", ""is_strictly_necessary"": false, ""is_ticked_by_default"": false}, {""title"": ""Women"", ""is_strictly_necessary"": false, ""is_ticked_by_default"": false}, {""title"": ""Women"", ""is_strictly_necessary"": false, ""is_ticked_by_default"": false}, {""title"": ""Sale"", ""is_strictly_necessary"": false, ""is_ticked_by_default"": false}, {""title"": ""Electrical Offers"", ""is_strictly_necessary"": false, ""is_ticked_by_default"": false}, {""title"": ""New In"", ""is_strictly_necessary"": false, ""is_ticked_by_default"": false}, {""title"": ""Sale"", ""is_strictly_necessary"": false, ""is_ticked_by_default"": false}, {""title"": ""Sale"", ""is_strictly_necessary"": false, ""is_ticked_by_default"": false}, {""title"": ""Sale"", ""is_strictly_necessary"": false, ""is_ticked_by_default"": false}, {""title"": ""Sale"", ""is_strictly_necessary"": false, ""is_ticked_by_default"": false}, {""title"": ""Sale"", ""is_strictly_necessary"": false, ""is_ticked_by_default"": false}, {""title"": ""Gift Cards"", ""is_strictly_necessary"": false, ""is_ticked_by_default"": false}, {""title"": ""SCENTS OF SUMMER\nShop ➞\n\n\n\n\n\n\n\n\n\n\n\n\nUP TO 50% OFF* HOME\nShop ➞"", ""is_strictly_necessary"": false, ""is_ticked_by_default"": false}]",0,"We use cookies to enhance your shopping experience, improve site performance and to deliver personalised advertising across our marketing channels. Manage your settings in 'Set My Preferences' or learn more on ourPrivacy and Cookie Policy Personalise Your Experience
We use cookies to enhance your shopping experience, improve site performance and to deliver personalised advertising across our marketing channels. Manage your settings in 'Set My Preferences' or learn more on ourPrivacy and Cookie Policy",[]
https://www.elverys.ie/,2025-06-16T23:40:29.985069,Success,TRUE,TRUE,TRUE,cookie settings,TRUE,4,0,1,"[{""title"": ""Performance Cookies"", ""is_strictly_necessary"": false, ""is_ticked_by_default"": false}, {""title"": ""Strictly Necessary Cookies"", ""is_strictly_necessary"": true, ""is_ticked_by_default"": false}, {""title"": ""Functional Cookies"", ""is_strictly_necessary"": false, ""is_ticked_by_default"": false}, {""title"": ""Targeting Cookies"", ""is_strictly_necessary"": false, ""is_ticked_by_default"": false}]",0,"Cookie Consent
We use cookies to provide visitors with the best possible experience on our website. These include site navigation, analytics, functionality, and targeting cookies which may be used in our marketing efforts. By clicking ""Accept All Cookies,"" you agree to the use of cookies and the processing of your personal data by us and selected third-party partners for ad personalisation. Click the button to agree to the use of cookies or click 'Cookie Settings' to manage your preferences.View our Cookies Policy We use cookies to provide visitors with the best possible experience on our website. These include site navigation, analytics, functionality, and targeting cookies which may be used in our marketing efforts. By clicking ""Accept All Cookies,"" you agree to the use of cookies and the processing of your personal data by us and selected third-party partners for ad personalisation. Click the button to agree to the use of cookies or click 'Cookie Settings' to manage your preferences.View our Cookies Policy",[]
https://www.lifestylesports.com/ie/,2025-06-16T23:40:41.057663,Success,TRUE,TRUE,TRUE,manage cookies,TRUE,26,0,2,"[{""title"": ""Strictly Necessary Cookies"", ""is_strictly_necessary"": true, ""is_ticked_by_default"": false}, {""title"": ""Performance Cookies"", ""is_strictly_necessary"": false, ""is_ticked_by_default"": false}, {""title"": ""Functional Cookies"", ""is_strictly_necessary"": false, ""is_ticked_by_default"": false}, {""title"": ""Targeting Cookies"", ""is_strictly_necessary"": false, ""is_ticked_by_default"": false}, {""title"": ""Previous\n\n\n\n\n\n\n\n\n\n\n\n\n\n\n\n\n\n\n\n\n\n\n\n\n\n\n\n\n\n\n\n\n\n\n\n\n\n\n\n\n\n\n\n\n\n\n\n\n\n\n\n\n\n\n\n\n\n\n\n\n\n\n\n\nNext12"", ""is_strictly_necessary"": false, ""is_ticked_by_default"": false}, {""title"": ""Title Not Found"", ""is_strictly_necessary"": false, ""is_ticked_by_default"": false}, {""title"": ""Title Not Found"", ""is_strictly_necessary"": false, ""is_ticked_by_default"": false}, {""title"": ""Title Not Found"", ""is_strictly_necessary"": false, ""is_ticked_by_default"": false}, {""title"": ""Title Not Found"", ""is_strictly_necessary"": false, ""is_ticked_by_default"": false}, {""title"": ""Title Not Found"", ""is_strictly_necessary"": false, ""is_ticked_by_default"": false}, {""title"": ""Title Not Found"", ""is_strictly_necessary"": false, ""is_ticked_by_default"": false}, {""title"": ""Title Not Found"", ""is_strictly_necessary"": false, ""is_ticked_by_default"": false}, {""title"": ""Title Not Found"", ""is_strictly_necessary"": false, ""is_ticked_by_default"": false}, {""title"": ""Title Not Found"", ""is_strictly_necessary"": false, ""is_ticked_by_default"": false}, {""title"": ""Title Not Found"", ""is_strictly_necessary"": false, ""is_ticked_by_default"": false}, {""title"": ""Title Not Found"", ""is_strictly_necessary"": false, ""is_ticked_by_default"": false}, {""title"": ""Title Not Found"", ""is_strictly_necessary"": false, ""is_ticked_by_default"": false}, {""title"": ""Title Not Found"", ""is_strictly_necessary"": false, ""is_ticked_by_default"": false}, {""title"": ""Title Not Found"", ""is_strictly_necessary"": false, ""is_ticked_by_default"": false}, {""title"": ""Title Not Found"", ""is_strictly_necessary"": false, ""is_ticked_by_default"": false}, {""title"": ""Title Not Found"", ""is_strictly_necessary"": false, ""is_ticked_by_default"": false}, {""title"": ""Your Privacy"", ""is_strictly_necessary"": false, ""is_ticked_by_default"": false}, {""title"": ""Strictly Necessary Cookies"", ""is_strictly_necessary"": true, ""is_ticked_by_default"": false}, {""title"": ""Performance Cookies"", ""is_strictly_necessary"": false, ""is_ticked_by_default"": false}, {""title"": ""Functional Cookies"", ""is_strictly_necessary"": false, ""is_ticked_by_default"": false}, {""title"": ""Targeting Cookies"", ""is_strictly_necessary"": false, ""is_ticked_by_default"": false}]",1,"We use cookies to give you the best experience on LifeStyleSports.com, measure how the site is used, give you a personalised shopping experience and personalise the Life Style Sports adverts you see on other websites.Cookie Policy We use cookies to give you the best experience on LifeStyleSports.com, measure how the site is used, give you a personalised shopping experience and personalise the Life Style Sports adverts you see on other websites.Cookie Policy",[]
https://www.musgrave.ie/,2025-06-16T23:40:50.938635,Success,TRUE,TRUE,TRUE,cookies settings,TRUE,5,0,1,"[{""title"": ""Strictly Necessary Cookies"", ""is_strictly_necessary"": true, ""is_ticked_by_default"": false}, {""title"": ""Performance Cookies"", ""is_strictly_necessary"": false, ""is_ticked_by_default"": false}, {""title"": ""Functional Cookies"", ""is_strictly_necessary"": false, ""is_ticked_by_default"": false}, {""title"": ""Targeting Cookies"", ""is_strictly_necessary"": false, ""is_ticked_by_default"": false}, {""title"": ""Guaranteed Irish Celebrates Food & Drink Month with €50,000 Media Bursary sponsored by SuperValu"", ""is_strictly_necessary"": false, ""is_ticked_by_default"": false}]",0,"We use cookies and similar technologies to help our websites and apps work properly and to personalise your experience. We and our partners may use information about your devices, your online interactions and you, to provide, analyse and improve our services. This may include personalising content or advertising for you. Click “Accept All” below to consent to the use of all of this technology and any associated processing of your personal data for these purposes. Click “Cookie Settings” to select which cookies to consent to. You can change your mind and change your consent choices at any time by clicking “Cookie Settings” or by returning to this site. See our Cookie Policy for more informationCookie Policy Musgrave Value Your Privacy
We use cookies and similar technologies to help our websites and apps work properly and to personalise your experience. We and our partners may use information about your devices, your online interactions and you, to provide, analyse and improve our services. This may include personalising content or advertising for you. Click “Accept All” below to consent to the use of all of this technology and any associated processing of your personal data for these purposes. Click “Cookie Settings” to select which cookies to consent to. You can change your mind and change your consent choices at any time by clicking “Cookie Settings” or by returning to this site. See our Cookie Policy for more informationCookie Policy",[]
https://www.carphonewarehouse.ie/,2025-06-16T23:42:15.366201,Failed,FALSE,FALSE,FALSE,,FALSE,0,0,0,[],0,,['Critical error: WebDriverException']
https://www.currys.ie/,2025-06-16T23:42:24.191616,Success,TRUE,TRUE,TRUE,customise,TRUE,13,0,2,"[{""title"": ""Essential"", ""is_strictly_necessary"": true, ""is_ticked_by_default"": false}, {""title"": ""First Party Performance Cookies"", ""is_strictly_necessary"": false, ""is_ticked_by_default"": false}, {""title"": ""Analytics"", ""is_strictly_necessary"": false, ""is_ticked_by_default"": false}, {""title"": ""Functional Cookies"", ""is_strictly_necessary"": false, ""is_ticked_by_default"": false}, {""title"": ""Marketing Cookies"", ""is_strictly_necessary"": false, ""is_ticked_by_default"": false}, {""title"": ""Title Not Found"", ""is_strictly_necessary"": false, ""is_ticked_by_default"": false}, {""title"": ""Shop Top Deals\n\n\n\n\n\n\n\n\n\n\n\n\n\nLaptops\n\n\n\n\n\n\n\n\n\n\n\n\n\nFridge freezers\n\n\n\n\n\n\n\n\n\n\n\n\n\nTVs\n\n\n\n\n\n\n\n\n\n\n\n\n\nWashing machines\n\n\n\n\n\n\n\n\n\n\n\n\n\nGames consoles\n\n\n\n\n\n\n\n\n\n\n\n\n\nMobile phones\n\n\n\n\n\n\n\n\n\n\n\n\n\niPads, tablets & e-readers\n\n\n\n\n\n\n\n\n\n\n\n\n\nHeadphones\n\n\n\n\n\n\n\n\n\n\n\n\n\nSmart watches\n\n\n\n\n\n\n\n\n\n\n\n\n\nHealth & beauty\n\n\n\n\n\n\n\n\n\n\n\n\n\nCoffee machines\n\n\n\n\n\n\n\n\n\n\n\n\n\nGaming laptops\n\n\n\n\n\n\n\n\n\n\n\n\n\nVacuum cleaners"", ""is_strictly_necessary"": false, ""is_ticked_by_default"": false}, {""title"": ""Your Privacy"", ""is_strictly_necessary"": false, ""is_ticked_by_default"": false}, {""title"": ""Essential"", ""is_strictly_necessary"": true, ""is_ticked_by_default"": false}, {""title"": ""First Party Performance Cookies"", ""is_strictly_necessary"": false, ""is_ticked_by_default"": false}, {""title"": ""Analytics"", ""is_strictly_necessary"": false, ""is_ticked_by_default"": false}, {""title"": ""Functional Cookies"", ""is_strictly_necessary"": false, ""is_ticked_by_default"": false}, {""title"": ""Marketing Cookies"", ""is_strictly_necessary"": false, ""is_ticked_by_default"": false}]",0,"Personalise your shopping experience
We use cookies - these small but mighty files allow us to deliver a functional and helpful experience, tailored specifically to you. Some cookies are used for ads personalisation. If you prefer to reject cookies, or manage which ones are used, that's cool too. Disabling cookies means your experience on our site will be limited to required functionality only.View our cookies policyView our privacy policy We use cookies - these small but mighty files allow us to deliver a functional and helpful experience, tailored specifically to you. Some cookies are used for ads personalisation. If you prefer to reject cookies, or manage which ones are used, that's cool too. Disabling cookies means your experience on our site will be limited to required functionality only.View our cookies policyView our privacy policy",[]
https://www.harveynorman.ie/,2025-06-16T23:42:35.760842,Success,TRUE,TRUE,TRUE,cookies settings,TRUE,20,0,2,"[{""title"": ""Strictly Necessary Cookies"", ""is_strictly_necessary"": true, ""is_ticked_by_default"": false}, {""title"": ""Functional Cookies"", ""is_strictly_necessary"": false, ""is_ticked_by_default"": false}, {""title"": ""Performance Cookies"", ""is_strictly_necessary"": false, ""is_ticked_by_default"": false}, {""title"": ""Targeting Cookies"", ""is_strictly_necessary"": false, ""is_ticked_by_default"": false}, {""title"": ""Social Media Cookies"", ""is_strictly_necessary"": false, ""is_ticked_by_default"": false}, {""title"": ""Your Privacy"", ""is_strictly_necessary"": false, ""is_ticked_by_default"": false}, {""title"": ""Strictly Necessary Cookies"", ""is_strictly_necessary"": true, ""is_ticked_by_default"": false}, {""title"": ""Functional Cookies"", ""is_strictly_necessary"": false, ""is_ticked_by_default"": false}, {""title"": ""Performance Cookies"", ""is_strictly_necessary"": false, ""is_ticked_by_default"": false}, {""title"": ""Targeting Cookies"", ""is_strictly_necessary"": false, ""is_ticked_by_default"": false}, {""title"": ""Social Media Cookies"", ""is_strictly_necessary"": false, ""is_ticked_by_default"": false}, {""title"": ""Title Not Found"", ""is_strictly_necessary"": false, ""is_ticked_by_default"": false}, {""title"": ""Title Not Found"", ""is_strictly_necessary"": false, ""is_ticked_by_default"": false}, {""title"": ""Title Not Found"", ""is_strictly_necessary"": false, ""is_ticked_by_default"": false}, {""title"": ""Title Not Found"", ""is_strictly_necessary"": false, ""is_ticked_by_default"": false}, {""title"": ""Title Not Found"", ""is_strictly_necessary"": false, ""is_ticked_by_default"": false}, {""title"": ""Title Not Found"", ""is_strictly_necessary"": false, ""is_ticked_by_default"": false}, {""title"": ""Title Not Found"", ""is_strictly_necessary"": false, ""is_ticked_by_default"": false}, {""title"": ""Title Not Found"", ""is_strictly_necessary"": false, ""is_ticked_by_default"": false}, {""title"": ""Secure online shopping"", ""is_strictly_necessary"": false, ""is_ticked_by_default"": false}]",0,"Here at Harvey Norman we use cookies to provide you with the best possible experience on our website. By clicking ""Accept All Cookies"", you agree to the storing of cookies on your device to enhance site navigation, analyze site usage, and assist in our marketing efforts. Privacy & Cookie Policy Here at Harvey Norman we use cookies to provide you with the best possible experience on our website. By clicking ""Accept All Cookies"", you agree to the storing of cookies on your device to enhance site navigation, analyze site usage, and assist in our marketing efforts. Privacy & Cookie Policy",[]
https://www.donegalcoco.ie/,2025-06-16T23:42:49.777907,Success,FALSE,FALSE,FALSE,,FALSE,1,0,0,"[{""title"": ""Select Language​▼"", ""is_strictly_necessary"": false, ""is_ticked_by_default"": false}]",0,,['No settings button found.']
https://www.corkcity.ie/,2025-06-16T23:43:05.087202,Partial,TRUE,TRUE,TRUE,deny,TRUE,0,0,0,[],0,,[]
https://www.welfare.ie/,2025-06-16T23:43:14.076884,Partial,FALSE,FALSE,FALSE,,FALSE,0,0,0,[],0,,['No settings button found.']
https://www.spunout.ie/,2025-06-16T23:43:33.420474,Partial,FALSE,FALSE,FALSE,,FALSE,0,0,0,[],0,,['No settings button found.']
