url,timestamp,status,cmp_vendor,initial_banner_found,accept_all_present,reject_all_present,settings_button_present,preference_center_accessed,total_purposes_count,pre_ticked_non_essential_count,strictly_necessary_count,purposes_json,error_log
https://eu.puma.com/ie/en/home,2025-06-15T19:54:59.489779,Success,Unknown,TRUE,TRUE,TRUE,TRUE,TRUE,6,0,0,"[{""title"": ""Strictly Necessary Cookies"", ""is_strictly_necessary"": false, ""is_ticked_by_default"": false}, {""title"": ""Performance Cookies"", ""is_strictly_necessary"": false, ""is_ticked_by_default"": false}, {""title"": ""Functional Cookies"", ""is_strictly_necessary"": false, ""is_ticked_by_default"": false}, {""title"": ""Social Media Cookies"", ""is_strictly_necessary"": false, ""is_ticked_by_default"": false}, {""title"": ""Targeting Cookies"", ""is_strictly_necessary"": false, ""is_ticked_by_default"": false}, {""title"": ""Other analysis methods for marketing purposes (website tags)"", ""is_strictly_necessary"": false, ""is_ticked_by_default"": false}]",[]
https://www.adobe.com/ie/,2025-06-15T19:55:04.428342,Success,Unknown,TRUE,FALSE,FALSE,TRUE,TRUE,4,0,1,"[{""title"": ""Operate the site and core services"", ""is_strictly_necessary"": true, ""is_ticked_by_default"": true}, {""title"": ""Measure performance"", ""is_strictly_necessary"": false, ""is_ticked_by_default"": false}, {""title"": ""Extend functionality"", ""is_strictly_necessary"": false, ""is_ticked_by_default"": false}, {""title"": ""Personalize advertising"", ""is_strictly_necessary"": false, ""is_ticked_by_default"": false}]",[]
https://www2.hm.com/en_ie/index.html,2025-06-15T19:55:14.654552,Partial,Unknown,TRUE,TRUE,FALSE,TRUE,TRUE,0,0,0,[],"['Accessed preference center, but could not find purpose containers.']"
https://www.rte.ie/,2025-06-15T19:56:22.738057,Success,Unknown,TRUE,TRUE,TRUE,TRUE,TRUE,20,0,0,"[{""title"": ""Strictly Necessary Cookies"", ""is_strictly_necessary"": false, ""is_ticked_by_default"": false}, {""title"": ""Performance Cookies"", ""is_strictly_necessary"": false, ""is_ticked_by_default"": false}, {""title"": ""Functional Cookies"", ""is_strictly_necessary"": false, ""is_ticked_by_default"": false}, {""title"": ""Targeting Cookies and Third-Party Embeds"", ""is_strictly_necessary"": false, ""is_ticked_by_default"": false}, {""title"": ""Store and/or access information on a device18 partners can use this purpose"", ""is_strictly_necessary"": false, ""is_ticked_by_default"": false}, {""title"": ""Develop and improve services18 partners can use this purpose"", ""is_strictly_necessary"": false, ""is_ticked_by_default"": false}, {""title"": ""Measure content performance7 partners can use this purpose"", ""is_strictly_necessary"": false, ""is_ticked_by_default"": false}, {""title"": ""Understand audiences through statistics or combinations of data from different sources12 partners can use this purpose"", ""is_strictly_necessary"": false, ""is_ticked_by_default"": false}, {""title"": ""Use limited data to select advertising18 partners can use this purpose"", ""is_strictly_necessary"": false, ""is_ticked_by_default"": false}, {""title"": ""Create profiles for personalised advertising15 partners can use this purpose"", ""is_strictly_necessary"": false, ""is_ticked_by_default"": false}, {""title"": ""Use profiles to select personalised advertising14 partners can use this purpose"", ""is_strictly_necessary"": false, ""is_ticked_by_default"": false}, {""title"": ""Create profiles to personalise content4 partners can use this purpose"", ""is_strictly_necessary"": false, ""is_ticked_by_default"": false}, {""title"": ""Use profiles to select personalised content4 partners can use this purpose"", ""is_strictly_necessary"": false, ""is_ticked_by_default"": false}, {""title"": ""Measure advertising performance21 partners can use this purpose"", ""is_strictly_necessary"": false, ""is_ticked_by_default"": false}, {""title"": ""Use precise geolocation data8 partners can use this special feature"", ""is_strictly_necessary"": false, ""is_ticked_by_default"": false}, {""title"": ""Ensure security, prevent and detect fraud, and fix errors17 partners can use this special purpose"", ""is_strictly_necessary"": false, ""is_ticked_by_default"": false}, {""title"": ""Deliver and present advertising and content18 partners can use this special purpose"", ""is_strictly_necessary"": false, ""is_ticked_by_default"": false}, {""title"": ""Match and combine data from other data sources13 partners can use this feature"", ""is_strictly_necessary"": false, ""is_ticked_by_default"": false}, {""title"": ""Link different devices14 partners can use this feature"", ""is_strictly_necessary"": false, ""is_ticked_by_default"": false}, {""title"": ""Identify devices based on information transmitted automatically17 partners can use this feature"", ""is_strictly_necessary"": false, ""is_ticked_by_default"": false}]",[]
https://www.did.ie/,2025-06-15T19:56:30.323240,Partial,Unknown,TRUE,TRUE,FALSE,FALSE,FALSE,0,0,0,[],"['Initial banner found, but no settings/manage button detected.']"
https://www.amazon.ie/,2025-06-15T19:56:52.345125,Failed,Unknown,FALSE,FALSE,FALSE,FALSE,FALSE,0,0,0,[],['No recognizable consent banner found.']
https://www.zalando.ie/,2025-06-15T19:58:16.335541,Partial,Unknown,TRUE,FALSE,FALSE,TRUE,TRUE,0,0,0,[],"['Accessed preference center, but could not find purpose containers.']"
https://deliveroo.ie/,2025-06-15T19:59:06.871548,Success,Unknown,TRUE,TRUE,FALSE,TRUE,TRUE,4,0,0,"[{""title"": ""Strictly Necessary Cookies"", ""is_strictly_necessary"": false, ""is_ticked_by_default"": false}, {""title"": ""Analytics Cookies"", ""is_strictly_necessary"": false, ""is_ticked_by_default"": false}, {""title"": ""Functional Cookies"", ""is_strictly_necessary"": false, ""is_ticked_by_default"": false}, {""title"": ""Advertising Cookies"", ""is_strictly_necessary"": false, ""is_ticked_by_default"": false}]",[]
https://www.irishtimes.com/,2025-06-15T19:59:17.413155,Success,Unknown,TRUE,TRUE,FALSE,TRUE,TRUE,11,0,0,"[{""title"": ""Strictly Necessary Cookies"", ""is_strictly_necessary"": false, ""is_ticked_by_default"": false}, {""title"": ""Functional Cookies"", ""is_strictly_necessary"": false, ""is_ticked_by_default"": false}, {""title"": ""Performance Cookies"", ""is_strictly_necessary"": false, ""is_ticked_by_default"": false}, {""title"": ""Targeting Cookies"", ""is_strictly_necessary"": false, ""is_ticked_by_default"": false}, {""title"": ""Social Media Cookies"", ""is_strictly_necessary"": false, ""is_ticked_by_default"": false}, {""title"": ""IAB Features"", ""is_strictly_necessary"": false, ""is_ticked_by_default"": false}, {""title"": ""IAB Special Purposes"", ""is_strictly_necessary"": false, ""is_ticked_by_default"": false}, {""title"": ""Personalised advertising and content, advertising and content measurement, audience research and services development79 partners can use this purpose"", ""is_strictly_necessary"": false, ""is_ticked_by_default"": false}, {""title"": ""Store and/or access information on a device70 partners can use this purpose"", ""is_strictly_necessary"": false, ""is_ticked_by_default"": false}, {""title"": ""Use precise geolocation data30 partners can use this purpose"", ""is_strictly_necessary"": false, ""is_ticked_by_default"": false}, {""title"": ""Actively scan device characteristics for identification11 partners can use this purpose"", ""is_strictly_necessary"": false, ""is_ticked_by_default"": false}]",[]
https://www.independent.ie/,2025-06-15T19:59:25.555680,Partial,Unknown,TRUE,TRUE,FALSE,TRUE,TRUE,0,0,0,[],"['Accessed preference center, but could not find purpose containers.']"
https://www.breakingnews.ie/,2025-06-15T20:00:15.375395,Success,Unknown,TRUE,TRUE,FALSE,TRUE,TRUE,10,0,0,"[{""title"": ""Strictly Necessary Cookies"", ""is_strictly_necessary"": false, ""is_ticked_by_default"": false}, {""title"": ""Functional Cookies"", ""is_strictly_necessary"": false, ""is_ticked_by_default"": false}, {""title"": ""Performance Cookies"", ""is_strictly_necessary"": false, ""is_ticked_by_default"": false}, {""title"": ""Targeting Cookies"", ""is_strictly_necessary"": false, ""is_ticked_by_default"": false}, {""title"": ""Social Media Cookies"", ""is_strictly_necessary"": false, ""is_ticked_by_default"": false}, {""title"": ""Personalised advertising and content, advertising and content measurement, audience research and services development77 partners can use this purpose"", ""is_strictly_necessary"": false, ""is_ticked_by_default"": false}, {""title"": ""Store and/or access information on a device68 partners can use this purpose"", ""is_strictly_necessary"": false, ""is_ticked_by_default"": false}, {""title"": ""Use precise geolocation data28 partners can use this purpose"", ""is_strictly_necessary"": false, ""is_ticked_by_default"": false}, {""title"": ""Actively scan device characteristics for identification10 partners can use this purpose"", ""is_strictly_necessary"": false, ""is_ticked_by_default"": false}, {""title"": ""Save and communicate privacy choices45 partners can use this purpose"", ""is_strictly_necessary"": false, ""is_ticked_by_default"": false}]",[]
https://www.joe.ie/,2025-06-15T20:00:22.488204,Partial,Unknown,TRUE,TRUE,FALSE,TRUE,TRUE,0,0,0,[],"['Accessed preference center, but could not find purpose containers.']"
https://www.her.ie/,2025-06-15T20:00:50.951641,Partial,Unknown,TRUE,TRUE,FALSE,TRUE,TRUE,0,0,0,[],"['Accessed preference center, but could not find purpose containers.']"
https://www.thejournal.ie/,2025-06-15T20:01:20.816848,Success,Unknown,TRUE,TRUE,FALSE,TRUE,TRUE,14,0,7,"[{""title"": ""Necessary Cookies"", ""is_strictly_necessary"": true, ""is_ticked_by_default"": false}, {""title"": ""Targeting Cookies"", ""is_strictly_necessary"": false, ""is_ticked_by_default"": false}, {""title"": ""Functional Cookies"", ""is_strictly_necessary"": false, ""is_ticked_by_default"": false}, {""title"": ""Performance Cookies"", ""is_strictly_necessary"": false, ""is_ticked_by_default"": false}, {""title"": ""Store and/or access information on a device139 partners can use this purpose"", ""is_strictly_necessary"": false, ""is_ticked_by_default"": false}, {""title"": ""Personalised advertising and content, advertising and content measurement, audience research and services development180 partners can use this purpose"", ""is_strictly_necessary"": false, ""is_ticked_by_default"": false}, {""title"": ""Use precise geolocation data62 partners can use this special feature"", ""is_strictly_necessary"": false, ""is_ticked_by_default"": false}, {""title"": ""Actively scan device characteristics for identification32 partners can use this special feature"", ""is_strictly_necessary"": false, ""is_ticked_by_default"": false}, {""title"": ""Ensure security, prevent and detect fraud, and fix errors116 partners can use this special purpose"", ""is_strictly_necessary"": true, ""is_ticked_by_default"": false}, {""title"": ""Deliver and present advertising and content118 partners can use this special purpose"", ""is_strictly_necessary"": true, ""is_ticked_by_default"": false}, {""title"": ""Match and combine data from other data sources87 partners can use this feature"", ""is_strictly_necessary"": true, ""is_ticked_by_default"": false}, {""title"": ""Link different devices65 partners can use this feature"", ""is_strictly_necessary"": true, ""is_ticked_by_default"": false}, {""title"": ""Identify devices based on information transmitted automatically110 partners can use this feature"", ""is_strictly_necessary"": true, ""is_ticked_by_default"": false}, {""title"": ""Save and communicate privacy choices93 partners can use this special purpose"", ""is_strictly_necessary"": true, ""is_ticked_by_default"": false}]",[]
https://www.rsvplive.ie/,2025-06-15T20:01:29.171831,Partial,Unknown,TRUE,TRUE,FALSE,TRUE,TRUE,0,0,0,[],"['Accessed preference center, but could not find purpose containers.']"
https://www.eir.ie/,2025-06-15T20:01:57.677689,Success,Unknown,TRUE,TRUE,TRUE,TRUE,TRUE,4,0,1,"[{""title"": ""Title Not Found"", ""is_strictly_necessary"": false, ""is_ticked_by_default"": false}, {""title"": ""Title Not Found"", ""is_strictly_necessary"": false, ""is_ticked_by_default"": false}, {""title"": ""Title Not Found"", ""is_strictly_necessary"": true, ""is_ticked_by_default"": false}, {""title"": ""Title Not Found"", ""is_strictly_necessary"": false, ""is_ticked_by_default"": false}]",[]
https://www.aerlingus.com/,2025-06-15T20:02:05.487539,Success,Unknown,TRUE,TRUE,FALSE,TRUE,TRUE,5,0,0,"[{""title"": ""Strictly Necessary"", ""is_strictly_necessary"": false, ""is_ticked_by_default"": false}, {""title"": ""First Party Performance Cookies"", ""is_strictly_necessary"": false, ""is_ticked_by_default"": false}, {""title"": ""Performance Cookies"", ""is_strictly_necessary"": false, ""is_ticked_by_default"": false}, {""title"": ""Functional Cookies"", ""is_strictly_necessary"": false, ""is_ticked_by_default"": false}, {""title"": ""Targeting Cookies"", ""is_strictly_necessary"": false, ""is_ticked_by_default"": false}]",[]
https://www.ryanair.com/ie/en,2025-06-15T20:02:13.825344,Partial,Unknown,TRUE,TRUE,FALSE,TRUE,TRUE,0,0,0,[],"['Accessed preference center, but could not find purpose containers.']"
https://www.buseireann.ie/,2025-06-15T20:03:11.387178,Success,Unknown,TRUE,TRUE,TRUE,TRUE,TRUE,4,0,0,"[{""title"": ""Strictly Necessary Cookies"", ""is_strictly_necessary"": false, ""is_ticked_by_default"": false}, {""title"": ""Functional Cookies"", ""is_strictly_necessary"": false, ""is_ticked_by_default"": false}, {""title"": ""Performance Cookies"", ""is_strictly_necessary"": false, ""is_ticked_by_default"": false}, {""title"": ""Targeting Cookies"", ""is_strictly_necessary"": false, ""is_ticked_by_default"": false}]",[]
https://www.irishrail.ie/,2025-06-15T20:03:14.826923,Partial,Unknown,TRUE,TRUE,FALSE,FALSE,FALSE,0,0,0,[],"['Initial banner found, but no settings/manage button detected.']"
https://www.dublinbus.ie/,2025-06-15T20:03:39.948489,Partial,Unknown,TRUE,TRUE,FALSE,FALSE,FALSE,0,0,0,[],"['Initial banner found, but no settings/manage button detected.']"
https://www.luas.ie/,2025-06-15T20:04:00.823229,Success,Unknown,TRUE,TRUE,TRUE,TRUE,TRUE,3,0,1,"[{""title"": ""Title Not Found"", ""is_strictly_necessary"": true, ""is_ticked_by_default"": false}, {""title"": ""Title Not Found"", ""is_strictly_necessary"": false, ""is_ticked_by_default"": false}, {""title"": ""Title Not Found"", ""is_strictly_necessary"": false, ""is_ticked_by_default"": false}]",[]
https://www.revenue.ie/,2025-06-15T20:04:05.745372,Failed,Unknown,FALSE,FALSE,FALSE,FALSE,FALSE,0,0,0,[],['No recognizable consent banner found.']
https://www.gov.ie/,2025-06-15T20:05:29.962726,Partial,Unknown,TRUE,TRUE,TRUE,TRUE,TRUE,0,0,0,[],"['Accessed preference center, but could not find purpose containers.']"
https://www.citizensinformation.ie/,2025-06-15T20:06:24.447944,Failed,Unknown,FALSE,FALSE,FALSE,FALSE,FALSE,0,0,0,[],['No recognizable consent banner found.']
https://www.hse.ie/,2025-06-15T20:07:47.755248,Success,Unknown,TRUE,TRUE,TRUE,TRUE,TRUE,4,0,0,"[{""title"": ""Strictly Necessary Cookies"", ""is_strictly_necessary"": false, ""is_ticked_by_default"": false}, {""title"": ""Analytical Cookies"", ""is_strictly_necessary"": false, ""is_ticked_by_default"": false}, {""title"": ""Functional Cookies"", ""is_strictly_necessary"": false, ""is_ticked_by_default"": false}, {""title"": ""YouTube Cookies"", ""is_strictly_necessary"": false, ""is_ticked_by_default"": false}]",[]
https://www.bonkers.ie/,2025-06-15T20:07:51.578402,Success,Unknown,TRUE,FALSE,FALSE,TRUE,TRUE,4,0,0,"[{""title"": ""Strictly Necessary Cookies"", ""is_strictly_necessary"": false, ""is_ticked_by_default"": false}, {""title"": ""Functional Cookies"", ""is_strictly_necessary"": false, ""is_ticked_by_default"": false}, {""title"": ""Performance Cookies"", ""is_strictly_necessary"": false, ""is_ticked_by_default"": false}, {""title"": ""Targeting Cookies"", ""is_strictly_necessary"": false, ""is_ticked_by_default"": false}]",[]
https://www.bordgaisenergy.ie/,2025-06-15T20:08:01.572771,Success,Unknown,TRUE,TRUE,FALSE,TRUE,TRUE,4,1,0,"[{""title"": ""Strictly Necessary Cookies"", ""is_strictly_necessary"": false, ""is_ticked_by_default"": false}, {""title"": ""First Party Analytical Cookies"", ""is_strictly_necessary"": false, ""is_ticked_by_default"": true}, {""title"": ""Functional Cookies"", ""is_strictly_necessary"": false, ""is_ticked_by_default"": false}, {""title"": ""Targeting Cookies"", ""is_strictly_necessary"": false, ""is_ticked_by_default"": false}]",[]
https://www.electricireland.ie/,2025-06-15T20:08:08.916349,Success,Unknown,TRUE,TRUE,FALSE,TRUE,TRUE,4,0,1,"[{""title"": ""Title Not Found"", ""is_strictly_necessary"": true, ""is_ticked_by_default"": false}, {""title"": ""Title Not Found"", ""is_strictly_necessary"": false, ""is_ticked_by_default"": false}, {""title"": ""Title Not Found"", ""is_strictly_necessary"": false, ""is_ticked_by_default"": false}, {""title"": ""Title Not Found"", ""is_strictly_necessary"": false, ""is_ticked_by_default"": false}]",[]
https://www.bankofireland.com/,2025-06-15T20:08:15.250812,Success,Unknown,TRUE,TRUE,TRUE,TRUE,TRUE,4,0,0,"[{""title"": ""Strictly Necessary Cookies"", ""is_strictly_necessary"": false, ""is_ticked_by_default"": false}, {""title"": ""Performance Cookies"", ""is_strictly_necessary"": false, ""is_ticked_by_default"": false}, {""title"": ""Functional Cookies"", ""is_strictly_necessary"": false, ""is_ticked_by_default"": false}, {""title"": ""Advertising Cookies"", ""is_strictly_necessary"": false, ""is_ticked_by_default"": false}]",[]
https://www.aib.ie/,2025-06-15T20:08:19.266048,Success,Unknown,TRUE,TRUE,TRUE,TRUE,TRUE,4,0,1,"[{""title"": ""Title Not Found"", ""is_strictly_necessary"": true, ""is_ticked_by_default"": false}, {""title"": ""Title Not Found"", ""is_strictly_necessary"": false, ""is_ticked_by_default"": false}, {""title"": ""Title Not Found"", ""is_strictly_necessary"": false, ""is_ticked_by_default"": false}, {""title"": ""Title Not Found"", ""is_strictly_necessary"": false, ""is_ticked_by_default"": false}]",[]
https://www.permanenttsb.ie/,2025-06-15T20:08:27.701278,Failed,Unknown,FALSE,FALSE,FALSE,FALSE,FALSE,0,0,0,[],['Top-level script error: WebDriverException - Message: unknown error: net::ERR_CONNECTION_TIMED_OUT\n  (Session info: chrome=137.0.7151.104)\nStacktrace:\n\tGetHandleVerifier [0x0xdd3783+63299]\n\tGetHandleVerifier [0x0xdd37c4+63364]\n\t(No symbol) [0x0xc01113]\n\t(No symbol) [0x0xbfe64e]\n\t(No symbol) [0x0xbf1e42]\n\t(No symbol) [0x0xbf3878]\n\t(No symbol) [0x0xbf20d8]\n\t(No symbol) [0x0xbf1c13]\n\t(No symbol) [0x0xbf1921]\n\t(No symbol) [0x0xbef8c4]\n\t(No symbol) [0x0xbf026b]\n\t(No symbol) [0x0xc04b3e]\n\t(No symbol) [0x0xc90657]\n\t(No symbol) [0x0xc6e57c]\n\t(No symbol) [0x0xc8fa4a]\n\t(No symbol) [0x0xc6e376]\n\t(No symbol) [0x0xc3d6e0]\n\t(No symbol) [0x0xc3e544]\n\tGetHandleVerifier [0x0x102e073+2531379]\n\tGetHandleVerifier [0x0x1029372+2511666]\n\tGetHandleVerifier [0x0xdf9efa+220858]\n\tGetHandleVerifier [0x0xdea548+156936]\n\tGetHandleVerifier [0x0xdf0c7d+183357]\n\tGetHandleVerifier [0x0xddb6e8+95912]\n\tGetHandleVerifier [0x0xddb890+96336]\n\tGetHandleVerifier [0x0xdc666a+9770]\n\tBaseThreadInitThunk [0x0x752e5d49+25]\n\tRtlInitializeExceptionChain [0x0x76f4d03b+107]\n\tRtlGetAppContainerNamedObjectPath [0x0x76f4cfc1+561]\n']
https://www.ulsterbank.ie/,2025-06-15T20:08:48.915800,Success,Unknown,TRUE,TRUE,FALSE,TRUE,TRUE,5,0,1,"[{""title"": ""Strictly Necessary Cookies"", ""is_strictly_necessary"": true, ""is_ticked_by_default"": false}, {""title"": ""Customer Experience"", ""is_strictly_necessary"": false, ""is_ticked_by_default"": false}, {""title"": ""Functional Cookies"", ""is_strictly_necessary"": false, ""is_ticked_by_default"": false}, {""title"": ""Performance Cookies"", ""is_strictly_necessary"": false, ""is_ticked_by_default"": false}, {""title"": ""Targeting Cookies"", ""is_strictly_necessary"": false, ""is_ticked_by_default"": false}]",[]
https://www.creditunion.ie/,2025-06-15T20:08:55.056370,Success,Unknown,TRUE,FALSE,TRUE,TRUE,TRUE,4,0,1,"[{""title"": ""Title Not Found"", ""is_strictly_necessary"": true, ""is_ticked_by_default"": false}, {""title"": ""Title Not Found"", ""is_strictly_necessary"": false, ""is_ticked_by_default"": false}, {""title"": ""Title Not Found"", ""is_strictly_necessary"": false, ""is_ticked_by_default"": false}, {""title"": ""Title Not Found"", ""is_strictly_necessary"": false, ""is_ticked_by_default"": false}]",[]
https://www.dcu.ie/,2025-06-15T20:09:05.245366,Partial,Unknown,TRUE,TRUE,FALSE,FALSE,FALSE,0,0,0,[],"['Initial banner found, but no settings/manage button detected.']"
https://www.tcd.ie/,2025-06-15T20:09:26.671993,Success,Unknown,TRUE,TRUE,FALSE,TRUE,TRUE,4,0,0,"[{""title"": ""Performance Cookies"", ""is_strictly_necessary"": false, ""is_ticked_by_default"": false}, {""title"": ""Strictly Necessary Cookies"", ""is_strictly_necessary"": false, ""is_ticked_by_default"": false}, {""title"": ""Advertising and Marketing Cookies"", ""is_strictly_necessary"": false, ""is_ticked_by_default"": false}, {""title"": ""Functional Cookies"", ""is_strictly_necessary"": false, ""is_ticked_by_default"": false}]",[]
https://www.ucc.ie/,2025-06-15T20:09:34.477483,Success,Unknown,TRUE,TRUE,TRUE,TRUE,TRUE,4,0,1,"[{""title"": ""Title Not Found"", ""is_strictly_necessary"": true, ""is_ticked_by_default"": false}, {""title"": ""Title Not Found"", ""is_strictly_necessary"": false, ""is_ticked_by_default"": false}, {""title"": ""Title Not Found"", ""is_strictly_necessary"": false, ""is_ticked_by_default"": false}, {""title"": ""Title Not Found"", ""is_strictly_necessary"": false, ""is_ticked_by_default"": false}]",[]
https://www.nuigalway.ie/,2025-06-15T20:09:41.053856,Partial,Unknown,TRUE,TRUE,FALSE,FALSE,FALSE,0,0,0,[],"['Initial banner found, but no settings/manage button detected.']"
https://www.ul.ie/,2025-06-15T20:10:44.588131,Partial,Unknown,TRUE,TRUE,FALSE,FALSE,FALSE,0,0,0,[],"['Initial banner found, but no settings/manage button detected.']"
https://www.maynoothuniversity.ie/,2025-06-15T20:11:05.768397,Partial,Unknown,TRUE,TRUE,FALSE,FALSE,FALSE,0,0,0,[],"['Initial banner found, but no settings/manage button detected.']"
https://www.tudublin.ie/,2025-06-15T20:11:27.084618,Success,Unknown,TRUE,TRUE,FALSE,TRUE,TRUE,4,0,0,"[{""title"": ""Strictly Necessary Cookies"", ""is_strictly_necessary"": false, ""is_ticked_by_default"": false}, {""title"": ""Functional Cookies"", ""is_strictly_necessary"": false, ""is_ticked_by_default"": false}, {""title"": ""Performance Cookies"", ""is_strictly_necessary"": false, ""is_ticked_by_default"": false}, {""title"": ""Targeting Cookies"", ""is_strictly_necessary"": false, ""is_ticked_by_default"": false}]",[]
https://www.supervalu.ie/,2025-06-15T20:11:42.399841,Success,Unknown,TRUE,TRUE,TRUE,TRUE,TRUE,4,0,0,"[{""title"": ""Strictly Necessary Cookies"", ""is_strictly_necessary"": false, ""is_ticked_by_default"": false}, {""title"": ""Performance Cookies"", ""is_strictly_necessary"": false, ""is_ticked_by_default"": false}, {""title"": ""Functional Cookies"", ""is_strictly_necessary"": false, ""is_ticked_by_default"": false}, {""title"": ""Targeting Cookies"", ""is_strictly_necessary"": false, ""is_ticked_by_default"": false}]",[]
https://www.tesco.ie/,2025-06-15T20:11:45.732941,Partial,Unknown,TRUE,TRUE,TRUE,FALSE,FALSE,0,0,0,[],"['Initial banner found, but no settings/manage button detected.']"
https://www.lidl.ie/,2025-06-15T20:12:56.060343,Success,Unknown,TRUE,TRUE,TRUE,TRUE,TRUE,4,0,0,"[{""title"": ""Necessary"", ""is_strictly_necessary"": false, ""is_ticked_by_default"": false}, {""title"": ""Preferences"", ""is_strictly_necessary"": false, ""is_ticked_by_default"": false}, {""title"": ""Statistics"", ""is_strictly_necessary"": false, ""is_ticked_by_default"": false}, {""title"": ""Marketing"", ""is_strictly_necessary"": false, ""is_ticked_by_default"": false}]",[]
https://www.aldi.ie/,2025-06-15T20:13:06.130042,Success,Unknown,TRUE,TRUE,TRUE,TRUE,TRUE,4,0,0,"[{""title"": ""Strictly Necessary Cookies"", ""is_strictly_necessary"": false, ""is_ticked_by_default"": false}, {""title"": ""Performance Cookies"", ""is_strictly_necessary"": false, ""is_ticked_by_default"": false}, {""title"": ""Functional Cookies"", ""is_strictly_necessary"": false, ""is_ticked_by_default"": false}, {""title"": ""Marketing Cookies"", ""is_strictly_necessary"": false, ""is_ticked_by_default"": false}]",[]
https://www.dunnesstores.com/,2025-06-15T20:13:09.546512,Success,Unknown,TRUE,FALSE,FALSE,TRUE,TRUE,4,0,1,"[{""title"": ""Strictly Necessary Cookies"", ""is_strictly_necessary"": true, ""is_ticked_by_default"": false}, {""title"": ""Performance Cookies"", ""is_strictly_necessary"": false, ""is_ticked_by_default"": false}, {""title"": ""Functional Cookies"", ""is_strictly_necessary"": false, ""is_ticked_by_default"": false}, {""title"": ""Targeting Cookies"", ""is_strictly_necessary"": false, ""is_ticked_by_default"": false}]",[]
https://www.brownthomas.com/,2025-06-15T20:13:22.924968,Success,Unknown,TRUE,FALSE,FALSE,TRUE,TRUE,4,0,0,"[{""title"": ""Strictly Necessary Cookies"", ""is_strictly_necessary"": false, ""is_ticked_by_default"": false}, {""title"": ""Performance Cookies"", ""is_strictly_necessary"": false, ""is_ticked_by_default"": false}, {""title"": ""Functional Cookies"", ""is_strictly_necessary"": false, ""is_ticked_by_default"": false}, {""title"": ""Targeting Cookies"", ""is_strictly_necessary"": false, ""is_ticked_by_default"": false}]",[]
https://www.arnotts.ie/,2025-06-15T20:13:39.448627,Success,Unknown,TRUE,FALSE,FALSE,TRUE,TRUE,4,0,0,"[{""title"": ""Strictly Necessary Cookies"", ""is_strictly_necessary"": false, ""is_ticked_by_default"": false}, {""title"": ""Performance Cookies"", ""is_strictly_necessary"": false, ""is_ticked_by_default"": false}, {""title"": ""Functional Cookies"", ""is_strictly_necessary"": false, ""is_ticked_by_default"": false}, {""title"": ""Targeting Cookies"", ""is_strictly_necessary"": false, ""is_ticked_by_default"": false}]",[]
https://www.elverys.ie/,2025-06-15T20:13:55.585843,Success,Unknown,TRUE,TRUE,TRUE,TRUE,TRUE,4,0,0,"[{""title"": ""Performance Cookies"", ""is_strictly_necessary"": false, ""is_ticked_by_default"": false}, {""title"": ""Strictly Necessary Cookies"", ""is_strictly_necessary"": false, ""is_ticked_by_default"": false}, {""title"": ""Functional Cookies"", ""is_strictly_necessary"": false, ""is_ticked_by_default"": false}, {""title"": ""Targeting Cookies"", ""is_strictly_necessary"": false, ""is_ticked_by_default"": false}]",[]
https://www.lifestylesports.com/ie/,2025-06-15T20:14:03.537287,Success,Unknown,TRUE,FALSE,FALSE,TRUE,TRUE,4,0,1,"[{""title"": ""Title Not Found"", ""is_strictly_necessary"": true, ""is_ticked_by_default"": false}, {""title"": ""Title Not Found"", ""is_strictly_necessary"": false, ""is_ticked_by_default"": false}, {""title"": ""Title Not Found"", ""is_strictly_necessary"": false, ""is_ticked_by_default"": false}, {""title"": ""Title Not Found"", ""is_strictly_necessary"": false, ""is_ticked_by_default"": false}]",[]
https://www.musgrave.ie/,2025-06-15T20:14:13.636181,Success,Unknown,TRUE,FALSE,FALSE,TRUE,TRUE,4,0,0,"[{""title"": ""Strictly Necessary Cookies"", ""is_strictly_necessary"": false, ""is_ticked_by_default"": false}, {""title"": ""Performance Cookies"", ""is_strictly_necessary"": false, ""is_ticked_by_default"": false}, {""title"": ""Functional Cookies"", ""is_strictly_necessary"": false, ""is_ticked_by_default"": false}, {""title"": ""Targeting Cookies"", ""is_strictly_necessary"": false, ""is_ticked_by_default"": false}]",[]
https://www.carphonewarehouse.ie/,2025-06-15T20:14:25.700287,Failed,Unknown,FALSE,FALSE,FALSE,FALSE,FALSE,0,0,0,[],['Top-level script error: WebDriverException - Message: unknown error: net::ERR_CONNECTION_TIMED_OUT\n  (Session info: chrome=137.0.7151.104)\nStacktrace:\n\tGetHandleVerifier [0x0xdd3783+63299]\n\tGetHandleVerifier [0x0xdd37c4+63364]\n\t(No symbol) [0x0xc01113]\n\t(No symbol) [0x0xbfe64e]\n\t(No symbol) [0x0xbf1e42]\n\t(No symbol) [0x0xbf3878]\n\t(No symbol) [0x0xbf20d8]\n\t(No symbol) [0x0xbf1c13]\n\t(No symbol) [0x0xbf1921]\n\t(No symbol) [0x0xbef8c4]\n\t(No symbol) [0x0xbf026b]\n\t(No symbol) [0x0xc04b3e]\n\t(No symbol) [0x0xc90657]\n\t(No symbol) [0x0xc6e57c]\n\t(No symbol) [0x0xc8fa4a]\n\t(No symbol) [0x0xc6e376]\n\t(No symbol) [0x0xc3d6e0]\n\t(No symbol) [0x0xc3e544]\n\tGetHandleVerifier [0x0x102e073+2531379]\n\tGetHandleVerifier [0x0x1029372+2511666]\n\tGetHandleVerifier [0x0xdf9efa+220858]\n\tGetHandleVerifier [0x0xdea548+156936]\n\tGetHandleVerifier [0x0xdf0c7d+183357]\n\tGetHandleVerifier [0x0xddb6e8+95912]\n\tGetHandleVerifier [0x0xddb890+96336]\n\tGetHandleVerifier [0x0xdc666a+9770]\n\tBaseThreadInitThunk [0x0x752e5d49+25]\n\tRtlInitializeExceptionChain [0x0x76f4d03b+107]\n\tRtlGetAppContainerNamedObjectPath [0x0x76f4cfc1+561]\n']
https://www.currys.ie/,2025-06-15T20:15:07.906796,Success,Unknown,TRUE,TRUE,FALSE,TRUE,TRUE,5,0,1,"[{""title"": ""Title Not Found"", ""is_strictly_necessary"": true, ""is_ticked_by_default"": false}, {""title"": ""Title Not Found"", ""is_strictly_necessary"": false, ""is_ticked_by_default"": false}, {""title"": ""Title Not Found"", ""is_strictly_necessary"": false, ""is_ticked_by_default"": false}, {""title"": ""Title Not Found"", ""is_strictly_necessary"": false, ""is_ticked_by_default"": false}, {""title"": ""Title Not Found"", ""is_strictly_necessary"": false, ""is_ticked_by_default"": false}]",[]
https://www.harveynorman.ie/,2025-06-15T20:15:33.938201,Success,Unknown,TRUE,TRUE,TRUE,TRUE,TRUE,5,0,1,"[{""title"": ""Title Not Found"", ""is_strictly_necessary"": true, ""is_ticked_by_default"": false}, {""title"": ""Title Not Found"", ""is_strictly_necessary"": false, ""is_ticked_by_default"": false}, {""title"": ""Title Not Found"", ""is_strictly_necessary"": false, ""is_ticked_by_default"": false}, {""title"": ""Title Not Found"", ""is_strictly_necessary"": false, ""is_ticked_by_default"": false}, {""title"": ""Title Not Found"", ""is_strictly_necessary"": false, ""is_ticked_by_default"": false}]",[]
https://www.donegalcoco.ie/,2025-06-15T20:15:39.464840,Partial,Unknown,TRUE,TRUE,FALSE,FALSE,FALSE,0,0,0,[],"['Initial banner found, but no settings/manage button detected.']"
https://www.corkcity.ie/,2025-06-15T20:16:00.793851,Partial,Unknown,TRUE,TRUE,FALSE,FALSE,FALSE,0,0,0,[],"['Initial banner found, but no settings/manage button detected.']"
https://www.welfare.ie/,2025-06-15T20:16:23.290056,Partial,Unknown,TRUE,TRUE,TRUE,TRUE,TRUE,0,0,0,[],"['Accessed preference center, but could not find purpose containers.']"
https://www.spunout.ie/,2025-06-15T20:17:18.447704,Partial,Unknown,TRUE,TRUE,FALSE,FALSE,FALSE,0,0,0,[],"['Initial banner found, but no settings/manage button detected.']"
